,Year,Term Number,Department,Course Number,Number of Sections,Enrollments,Median GPA Points,Average Section Size
0,,,AAAS,31.1,1.0,14.0,4.0,14.0
1,2021.0,3.0,AAAS,31.9,1.0,17.0,4.0,17.0
2,2021.0,3.0,AAAS,60.01,1.0,19.0,3.666666666666666,
3,2021.0,3.0,AAAS,62.75,1.0,29.0,4.0,29.0
4,2021.0,3.0,AAAS,65.65,1.0,16.0,3.333333333333333,16.0
5,2021.0,3.0,AAAS,88.19,1.0,19.0,4.0,19.0
6,2021.0,3.0,ANTH,3.0,1.0,58.0,,58.0
7,2021.0,3.0,ANTH,18.0,1.0,16.0,4.0,16.0
8,2021.0,3.0,,12.19,1.0,24.0,4.0,24.0
9,2021.0,3.0,ARTH,17.06,1.0,21.0,3.6666666666666665,21.0
10,,3.0,ARTH,47.01,1.0,27.0,3.6666666666666665,27.0
11,2021.0,3.0,ARTH,62.71,1.0,,3.6666666666666665,21.0
12,2021.0,3.0,ASCL,54.09,1.0,22.0,3.666666666666666,22.0
13,2021.0,,ASCL,60.24,1.0,25.0,4.0,25.0
14,2021.0,3.0,ASCL,70.18,2.0,88.0,4.0,44.0
15,2021.0,3.0,ASTR,1.0,1.0,97.0,3.333333333333334,97.0
16,2021.0,3.0,ASTR,2.0,,62.0,4.0,31.0
17,2021.0,3.0,BIOL,13.0,1.0,71.0,3.0,71.0
18,2021.0,3.0,BIOL,,1.0,13.0,4.0,13.0
19,2021.0,,BIOL,45.0,1.0,19.0,4.0,19.0
20,2021.0,,CHEM,52.0,1.0,65.0,3.0,
21,2021.0,3.0,CHEM,63.0,1.0,16.0,3.5,16.0
22,2021.0,3.0,CLST,4.0,2.0,102.0,3.859477124183006,51.0
23,2021.0,3.0,CLST,12.02,2.0,29.0,3.6666666666666665,14.5
24,2021.0,3.0,,31.0,1.0,17.0,,17.0
25,2021.0,3.0,COGS,11.03,,17.0,,17.0
26,,,,18.04,1.0,32.0,,32.0
27,2021.0,3.0,COLT,39.03,1.0,16.0,4.0,16.0
28,2021.0,3.0,COLT,,1.0,16.0,3.333333333333333,16.0
29,,3.0,COLT,57.1,1.0,44.0,4.0,44.0
30,,3.0,COSC,21.0,1.0,25.0,4.0,25.0
31,2021.0,3.0,COSC,30.0,,55.0,3.333333333333333,
32,2021.0,,COSC,50.0,,41.0,4.0,41.0
33,2021.0,3.0,COSC,56.0,1.0,36.0,3.6666666666666665,36.0
34,2021.0,3.0,COSC,59.0,1.0,30.0,4.0,30.0
35,2021.0,3.0,CRWT,11.0,2.0,23.0,4.0,11.5
36,2021.0,3.0,EARS,5.0,1.0,71.0,3.6666666666666665,71.0
37,2021.0,3.0,EARS,40.0,1.0,27.0,4.0,27.0
38,2021.0,3.0,ECON,20.0,2.0,84.0,3.333333333333333,42.0
39,2021.0,3.0,ECON,,2.0,110.0,3.333333333333333,55.0
40,2021.0,,,22.0,1.0,39.0,3.333333333333333,39.0
41,2021.0,3.0,ECON,26.0,,92.0,3.6666666666666665,46.0
42,,3.0,EDUC,17.0,1.0,,2.6666666666666665,15.0
43,2021.0,3.0,ENGL,44.0,1.0,13.0,3.6666666666666665,
44,2021.0,,,48.0,1.0,19.0,4.0,
45,2021.0,,ENGL,52.1,,21.0,3.6666666666666665,
46,2021.0,3.0,ENGL,53.22,1.0,12.0,3.6666666666666665,12.0
47,2021.0,3.0,ENGL,53.39,1.0,29.0,4.0,29.0
48,2021.0,3.0,ENGL,64.01,,15.0,3.6666666666666665,15.0
49,2021.0,3.0,ENGS,2.0,1.0,50.0,4.0,50.0
50,2021.0,3.0,ENGS,21.0,1.0,42.0,4.0,42.0
51,2021.0,3.0,ENGS,22.0,1.0,39.0,4.0,39.0
52,2021.0,3.0,ENGS,25.0,1.0,13.0,,13.0
53,2021.0,3.0,ENGS,27.0,1.0,19.0,4.0,19.0
54,2021.0,3.0,ENGS,31.0,1.0,36.0,3.6666666666666665,36.0
55,2021.0,3.0,ENGS,33.0,1.0,14.0,4.0,14.0
56,2021.0,3.0,ENGS,37.0,2.0,27.0,3.6049382716049374,13.5
57,2021.0,3.0,ENGS,,1.0,16.0,3.6666666666666665,16.0
58,2021.0,3.0,ENVS,25.0,1.0,17.0,4.0,17.0
59,2021.0,3.0,ENVS,80.11,1.0,18.0,4.0,18.0
60,2021.0,3.0,ENVS,80.12,1.0,25.0,3.666666666666666,25.0
61,,3.0,FILM,1.0,1.0,,4.0,45.0
62,2021.0,3.0,FILM,,1.0,10.0,4.0,10.0
63,2021.0,3.0,FILM,42.22,1.0,25.0,3.666666666666666,25.0
64,2021.0,3.0,FILM,44.09,1.0,15.0,4.0,
65,2021.0,3.0,FILM,49.02,1.0,17.0,4.0,17.0
66,,,FREN,3.0,1.0,12.0,3.333333333333333,12.0
67,2021.0,3.0,FRIT,37.04,1.0,16.0,4.0,16.0
68,2021.0,3.0,GEOG,24.0,1.0,22.0,3.666666666666666,22.0
69,2021.0,3.0,,6.01,1.0,23.0,3.6666666666666665,23.0
70,2021.0,3.0,GEOG,50.02,,20.0,4.0,20.0
71,2021.0,3.0,GEOG,50.03,1.0,17.0,4.0,17.0
72,2021.0,3.0,GERM,,,18.0,4.0,18.0
73,2021.0,3.0,GOVT,6.0,1.0,22.0,3.333333333333334,22.0
74,2021.0,3.0,GOVT,20.02,1.0,22.0,3.333333333333334,22.0
75,2021.0,,GOVT,30.15,,26.0,,
76,2021.0,3.0,GOVT,50.02,,28.0,3.333333333333333,28.0
77,2021.0,3.0,GOVT,60.2,1.0,21.0,3.6666666666666665,21.0
78,2021.0,3.0,GOVT,85.29,1.0,15.0,3.6666666666666665,
79,2021.0,3.0,GOVT,86.04,1.0,,,
80,2021.0,3.0,HIST,26.0,1.0,22.0,3.666666666666666,
81,,3.0,HIST,29.0,1.0,19.0,3.666666666666666,19.0
82,2021.0,,HIST,34.0,1.0,27.0,3.6666666666666665,27.0
83,2021.0,3.0,HIST,64.0,1.0,31.0,,31.0
84,2021.0,3.0,HIST,8.04,1.0,13.0,4.0,13.0
85,2021.0,3.0,HIST,87.0,1.0,28.0,4.0,28.0
86,2021.0,,HIST,10.02,,18.0,,
87,2021.0,3.0,HIST,16.02,,19.0,3.666666666666666,19.0
88,,3.0,,33.01,,26.0,4.0,26.0
89,2021.0,3.0,,38.02,1.0,45.0,3.6666666666666665,45.0
90,2021.0,3.0,HIST,,1.0,13.0,3.6666666666666665,13.0
91,2021.0,3.0,HIST,41.02,1.0,,4.0,29.0
92,2021.0,3.0,HUM,4.02,2.0,98.0,4.0,49.0
93,2021.0,,JWST,,1.0,28.0,,28.0
94,2021.0,3.0,JWST,15.01,1.0,16.0,,16.0
95,2021.0,3.0,LACS,76.0,1.0,28.0,4.0,28.0
96,2021.0,3.0,LACS,42.1,1.0,29.0,4.0,29.0
97,2021.0,,LAT,30.08,,14.0,3.6666666666666665,14.0
98,,3.0,LATS,44.0,1.0,24.0,,24.0
99,2021.0,3.0,LING,1.0,1.0,38.0,3.666666666666666,38.0
100,2021.0,3.0,LING,26.0,1.0,19.0,4.0,19.0
101,2021.0,3.0,LING,11.14,1.0,14.0,3.6666666666666665,14.0
102,2021.0,3.0,MATH,20.0,1.0,14.0,3.6666666666666665,14.0
103,2021.0,3.0,MATH,22.0,1.0,27.0,3.6666666666666665,27.0
104,2021.0,3.0,MATH,31.0,1.0,35.0,4.0,35.0
105,2021.0,3.0,MATH,54.0,1.0,10.0,3.6666666666666665,10.0
106,2021.0,3.0,,76.0,1.0,,4.0,28.0
107,2021.0,3.0,MES,10.1,1.0,28.0,3.6666666666666665,28.0
108,2021.0,3.0,MES,16.39,1.0,16.0,3.333333333333333,16.0
109,2021.0,3.0,MES,17.07,1.0,,3.666666666666666,
110,2021.0,3.0,MES,18.03,1.0,21.0,3.6666666666666665,21.0
111,2021.0,3.0,,3.03,1.0,20.0,4.0,20.0
112,2021.0,3.0,MUS,51.0,1.0,29.0,4.0,29.0
113,2021.0,3.0,NAS,,1.0,45.0,3.6666666666666665,45.0
114,2021.0,3.0,PBPL,40.0,1.0,34.0,3.333333333333333,
115,2021.0,3.0,PHIL,1.08,1.0,27.0,3.6666666666666665,27.0
116,2021.0,3.0,PHIL,1.19,1.0,26.0,4.0,26.0
117,2021.0,3.0,,37.0,1.0,19.0,3.666666666666666,
118,2021.0,3.0,PHIL,50.35,1.0,17.0,4.0,17.0
119,2021.0,3.0,PHYS,,,35.0,3.666666666666666,35.0
120,2021.0,,PHYS,44.0,1.0,22.0,,22.0
121,2021.0,,PORT,11.0,1.0,10.0,4.0,10.0
122,2021.0,3.0,PSYC,10.0,1.0,13.0,3.333333333333333,13.0
123,2021.0,,PSYC,11.0,1.0,37.0,4.0,37.0
124,2021.0,3.0,PSYC,25.0,1.0,38.0,3.333333333333333,38.0
125,2021.0,3.0,PSYC,50.08,1.0,31.0,3.6666666666666665,31.0
126,2021.0,3.0,PSYC,52.05,1.0,,,34.0
127,2021.0,3.0,REL,12.0,2.0,101.0,,50.5
128,2021.0,3.0,REL,15.01,1.0,17.0,4.0,17.0
129,,3.0,REL,16.04,1.0,19.0,3.666666666666666,
130,2021.0,3.0,REL,19.36,1.0,20.0,4.0,20.0
131,2021.0,3.0,REL,29.01,1.0,12.0,3.6666666666666665,12.0
132,2021.0,3.0,RUSS,33.0,1.0,14.0,4.0,14.0
133,2021.0,3.0,RUSS,,1.0,17.0,4.0,17.0
134,2021.0,3.0,,,1.0,20.0,4.0,20.0
135,2021.0,3.0,SART,15.0,1.0,16.0,4.0,16.0
136,2021.0,3.0,SART,16.0,1.0,12.0,4.0,12.0
137,2021.0,3.0,SART,25.0,1.0,12.0,4.0,12.0
138,,3.0,SART,29.0,1.0,12.0,4.0,12.0
139,2021.0,3.0,SART,31.0,1.0,10.0,4.0,10.0
140,2021.0,,SOCY,,1.0,21.0,,21.0
141,2021.0,3.0,SOCY,43.0,1.0,24.0,4.0,24.0
142,2021.0,3.0,SOCY,66.0,1.0,16.0,3.6666666666666665,16.0
143,2021.0,3.0,SOCY,49.02,1.0,15.0,3.333333333333333,15.0
144,2021.0,3.0,SPAN,2.0,1.0,12.0,3.6666666666666665,12.0
145,2021.0,3.0,SPAN,3.0,2.0,66.0,3.6666666666666665,33.0
146,2021.0,3.0,SPAN,43.06,1.0,12.0,4.0,12.0
147,2021.0,3.0,,55.09,1.0,10.0,3.6666666666666665,10.0
148,2021.0,3.0,THEA,65.0,1.0,13.0,,13.0
149,2021.0,3.0,THEA,10.51,1.0,17.0,4.0,17.0
150,2021.0,3.0,THEA,,1.0,14.0,4.0,14.0
151,2021.0,3.0,WGSS,26.02,1.0,19.0,,19.0
152,2021.0,3.0,WGSS,26.03,1.0,13.0,4.0,13.0
153,2021.0,3.0,WGSS,66.06,1.0,18.0,4.0,18.0
154,2021.0,4.0,AAAS,11.0,1.0,24.0,,24.0
155,2021.0,4.0,AAAS,12.0,1.0,21.0,3.6666666666666665,21.0
156,2021.0,4.0,AAAS,20.01,1.0,10.0,,
157,,4.0,AAAS,22.1,1.0,20.0,,20.0
158,2021.0,4.0,AAAS,28.1,1.0,18.0,4.0,18.0
159,2021.0,4.0,AAAS,39.06,1.0,26.0,4.0,26.0
160,2021.0,4.0,AAAS,60.5,1.0,19.0,4.0,19.0
161,2021.0,4.0,ANTH,1.0,1.0,28.0,3.333333333333333,28.0
162,2021.0,,ANTH,6.0,2.0,172.0,4.0,86.0
163,2021.0,4.0,ANTH,,1.0,59.0,4.0,59.0
164,2021.0,4.0,ANTH,11.0,1.0,28.0,3.6666666666666665,28.0
165,2021.0,4.0,ANTH,,1.0,28.0,3.6666666666666665,28.0
166,2021.0,4.0,,31.0,1.0,29.0,4.0,29.0
167,2021.0,,ANTH,75.0,1.0,,4.0,12.0
168,2021.0,4.0,ANTH,50.34,1.0,55.0,4.0,55.0
169,2021.0,4.0,,1.0,1.0,11.0,4.0,11.0
170,,4.0,,1.0,1.0,,3.6666666666666665,48.0
171,,4.0,ARTH,11.02,1.0,23.0,3.6666666666666665,23.0
172,2021.0,4.0,ARTH,27.03,1.0,20.0,4.0,20.0
173,2021.0,4.0,ARTH,28.01,1.0,22.0,4.0,22.0
174,2021.0,4.0,ARTH,32.21,1.0,21.0,3.6666666666666665,21.0
175,,4.0,ARTH,38.03,1.0,,4.0,19.0
176,2021.0,4.0,ARTH,41.02,1.0,19.0,3.666666666666666,19.0
177,2021.0,4.0,ARTH,89.02,1.0,11.0,3.666666666666666,11.0
178,2021.0,4.0,ASCL,1.01,1.0,25.0,3.666666666666666,25.0
179,2021.0,4.0,ASCL,10.02,1.0,25.0,4.0,25.0
180,2021.0,4.0,ASCL,51.04,1.0,28.0,4.0,
181,2021.0,4.0,ASCL,,1.0,16.0,3.6666666666666665,16.0
182,2021.0,4.0,,60.05,1.0,12.0,4.0,12.0
183,2021.0,4.0,ASCL,60.2,1.0,38.0,,
184,2021.0,4.0,ASCL,62.1,1.0,21.0,3.6666666666666665,21.0
185,2021.0,4.0,ASCL,64.14,1.0,22.0,4.0,22.0
186,2021.0,,ASCL,67.01,1.0,19.0,3.333333333333333,19.0
187,,4.0,ASCL,70.02,1.0,19.0,4.0,19.0
188,2021.0,4.0,ASCL,70.2,1.0,36.0,4.0,36.0
189,2021.0,4.0,ASCL,80.08,1.0,14.0,3.6666666666666665,14.0
190,2021.0,4.0,ASTR,2.0,1.0,,4.0,29.0
191,2021.0,4.0,ASTR,3.0,1.0,,3.666666666666666,25.0
192,,4.0,BIOL,2.0,1.0,34.0,4.0,34.0
193,2021.0,4.0,BIOL,12.0,2.0,92.0,3.0,
194,2021.0,4.0,BIOL,14.0,,46.0,3.1666666666666665,46.0
195,2021.0,4.0,BIOL,16.0,1.0,39.0,3.333333333333333,39.0
196,2021.0,4.0,BIOL,19.0,1.0,23.0,3.333333333333333,23.0
197,2021.0,4.0,BIOL,24.0,1.0,24.0,3.6666666666666665,24.0
198,2021.0,4.0,BIOL,,1.0,14.0,3.333333333333333,14.0
199,2021.0,4.0,BIOL,40.0,1.0,53.0,3.0,53.0
200,2021.0,4.0,BIOL,41.0,1.0,14.0,3.5,14.0
201,2021.0,4.0,,47.0,1.0,16.0,3.0,16.0
202,2021.0,4.0,BIOL,48.0,1.0,,3.333333333333333,24.0
203,2021.0,4.0,BIOL,72.0,1.0,10.0,,
204,2021.0,4.0,BIOL,11.07,1.0,,3.0,48.0
205,2021.0,4.0,CHEM,5.0,1.0,,3.333333333333333,109.0
206,2021.0,4.0,CHEM,6.0,1.0,40.0,3.333333333333333,
207,2021.0,4.0,CHEM,51.0,1.0,,3.333333333333333,
208,2021.0,4.0,,1.0,1.0,12.0,4.0,12.0
209,2021.0,4.0,CHIN,4.0,2.0,24.0,3.847222222222222,12.0
210,2021.0,4.0,CHIN,31.0,1.0,,4.0,12.0
211,2021.0,4.0,CLST,6.0,1.0,21.0,4.0,21.0
212,2021.0,4.0,CLST,1.03,1.0,85.0,3.666666666666666,85.0
213,2021.0,4.0,CLST,17.0,1.0,23.0,3.6666666666666665,23.0
214,,,CLST,11.02,1.0,14.0,4.0,14.0
215,2021.0,4.0,CLST,,1.0,28.0,,28.0
216,2021.0,4.0,COCO,26.0,1.0,19.0,4.0,
217,2021.0,4.0,COGS,21.0,,30.0,3.6666666666666665,30.0
218,2021.0,4.0,,,1.0,24.0,4.0,24.0
219,2021.0,,COGS,44.0,1.0,,4.0,85.0
220,,4.0,COGS,,1.0,26.0,3.8333333333333335,26.0
221,2021.0,4.0,COGS,50.05,1.0,33.0,4.0,33.0
222,2021.0,4.0,COLT,1.0,1.0,50.0,4.0,50.0
223,2021.0,4.0,COLT,10.23,1.0,16.0,3.8333333333333335,
224,2021.0,4.0,COLT,40.01,1.0,14.0,4.0,14.0
225,2021.0,4.0,COLT,40.07,1.0,74.0,4.0,74.0
226,2021.0,4.0,COLT,,1.0,22.0,4.0,22.0
227,,4.0,COLT,62.04,1.0,,,35.0
228,2021.0,4.0,COLT,64.01,1.0,71.0,4.0,
229,2021.0,4.0,COLT,66.01,1.0,37.0,4.0,37.0
230,2021.0,4.0,COSC,,2.0,194.0,4.0,97.0
231,2021.0,4.0,COSC,10.0,,104.0,,52.0
232,2021.0,,COSC,,1.0,30.0,3.6666666666666665,30.0
233,2021.0,4.0,COSC,22.0,1.0,27.0,4.0,27.0
234,,4.0,COSC,,1.0,16.0,3.5,
235,2021.0,4.0,COSC,30.0,1.0,63.0,3.333333333333333,63.0
236,2021.0,4.0,COSC,50.0,3.0,64.0,3.802083333333333,21.33333333333333
237,2021.0,4.0,COSC,51.0,1.0,40.0,3.6666666666666665,
238,2021.0,4.0,COSC,60.0,1.0,10.0,,10.0
239,2021.0,4.0,COSC,70.0,1.0,42.0,4.0,42.0
240,2021.0,4.0,COSC,71.0,1.0,,3.333333333333333,10.0
241,2021.0,4.0,COSC,74.0,1.0,81.0,4.0,81.0
242,2021.0,4.0,COSC,76.0,1.0,85.0,,85.0
243,2021.0,4.0,COSC,,1.0,27.0,4.0,27.0
244,2021.0,4.0,COSC,87.0,,,3.333333333333334,11.0
245,2021.0,4.0,COSC,63.01,1.0,10.0,4.0,10.0
246,2021.0,4.0,,89.28,1.0,13.0,3.6666666666666665,13.0
247,2021.0,4.0,,10.0,,13.0,4.0,13.0
248,,4.0,CRWT,12.0,1.0,11.0,4.0,11.0
249,2021.0,4.0,CRWT,60.0,1.0,11.0,4.0,
250,2021.0,,EARS,1.0,1.0,56.0,,56.0
251,2021.0,4.0,EARS,6.0,2.0,148.0,3.6666666666666665,74.0
252,2021.0,4.0,,8.0,1.0,10.0,3.6666666666666665,10.0
253,2021.0,4.0,EARS,14.0,1.0,49.0,4.0,49.0
254,,4.0,EARS,35.0,1.0,14.0,3.5,14.0
255,2021.0,4.0,EARS,36.0,1.0,16.0,3.6666666666666665,
256,2021.0,4.0,EARS,45.0,1.0,19.0,3.666666666666666,19.0
257,2021.0,4.0,EARS,46.0,1.0,19.0,,19.0
258,2021.0,4.0,,47.0,1.0,19.0,4.0,19.0
259,2021.0,4.0,EARS,77.0,1.0,13.0,4.0,13.0
260,2021.0,4.0,ECON,,5.0,325.0,3.333333333333334,65.0
261,2021.0,4.0,ECON,2.0,1.0,42.0,3.6666666666666665,
262,2021.0,,ECON,5.0,1.0,23.0,3.6666666666666665,23.0
263,2021.0,4.0,ECON,10.0,2.0,100.0,3.333333333333334,50.0
264,2021.0,4.0,ECON,20.0,2.0,50.0,3.333333333333334,
265,,4.0,,,4.0,198.0,3.5117845117845112,49.5
266,2021.0,4.0,ECON,22.0,2.0,130.0,3.333333333333333,65.0
267,2021.0,4.0,ECON,24.0,2.0,104.0,3.6666666666666665,
268,2021.0,4.0,,,,80.0,3.333333333333333,40.0
269,2021.0,4.0,ECON,26.0,2.0,84.0,3.333333333333333,42.0
270,2021.0,4.0,ECON,27.0,2.0,124.0,3.333333333333333,62.0
271,2021.0,,ECON,28.0,2.0,,3.333333333333333,35.0
272,2021.0,4.0,ECON,29.0,,40.0,,20.0
273,2021.0,4.0,ECON,32.0,2.0,76.0,3.666666666666666,38.0
274,,4.0,ECON,36.0,,74.0,3.333333333333333,37.0
275,2021.0,4.0,ECON,,2.0,132.0,3.6666666666666665,66.0
276,,4.0,ECON,76.0,1.0,21.0,4.0,21.0
277,2021.0,,ECON,77.0,1.0,20.0,3.6666666666666665,20.0
278,2021.0,4.0,,78.0,1.0,13.0,4.0,13.0
279,2021.0,4.0,ECON,80.0,,11.0,,11.0
280,2021.0,4.0,EDUC,1.0,1.0,49.0,3.6666666666666665,49.0
281,,4.0,ENGL,1.0,1.0,48.0,4.0,48.0
282,2021.0,4.0,ENGL,15.0,1.0,37.0,3.6666666666666665,37.0
283,2021.0,,ENGL,47.0,1.0,19.0,3.666666666666666,19.0
284,2021.0,4.0,ENGL,52.05,1.0,18.0,3.8333333333333335,18.0
285,,4.0,ENGL,52.06,1.0,35.0,3.666666666666666,35.0
286,,4.0,ENGL,53.49,1.0,15.0,3.6666666666666665,15.0
287,2021.0,4.0,ENGL,54.15,1.0,14.0,4.0,14.0
288,2021.0,4.0,ENGL,63.06,1.0,20.0,,20.0
289,2021.0,4.0,ENGL,64.05,,16.0,4.0,16.0
290,2021.0,4.0,ENGS,4.0,1.0,30.0,3.8333333333333335,30.0
291,2021.0,4.0,ENGS,12.0,2.0,43.0,3.813953488372093,21.5
292,2021.0,4.0,ENGS,13.0,1.0,,4.0,104.0
293,2021.0,4.0,ENGS,20.0,1.0,21.0,3.333333333333333,21.0
294,2021.0,4.0,,21.0,1.0,90.0,4.0,90.0
295,2021.0,4.0,ENGS,22.0,1.0,45.0,3.6666666666666665,45.0
296,2021.0,4.0,ENGS,,1.0,37.0,3.6666666666666665,37.0
297,,4.0,ENGS,26.0,1.0,,4.0,14.0
298,,4.0,,27.0,1.0,11.0,4.0,11.0
299,2021.0,4.0,,32.0,1.0,12.0,3.8333333333333335,12.0
300,2021.0,4.0,ENGS,33.0,1.0,19.0,3.666666666666666,19.0
301,2021.0,4.0,ENGS,35.0,1.0,,3.166666666666666,22.0
302,2021.0,4.0,ENGS,37.0,1.0,53.0,4.0,53.0
303,2021.0,4.0,,50.0,3.0,,3.802083333333333,21.33333333333333
304,2021.0,4.0,ENGS,66.0,1.0,63.0,3.333333333333333,63.0
305,2021.0,4.0,,,1.0,26.0,3.6666666666666665,26.0
306,2021.0,4.0,ENGS,,1.0,,3.6666666666666665,67.0
307,2021.0,4.0,,91.0,1.0,10.0,3.333333333333333,10.0
308,2021.0,4.0,ENGS,92.0,1.0,13.0,3.6666666666666665,13.0
309,2021.0,4.0,,93.0,1.0,23.0,3.6666666666666665,23.0
310,2021.0,4.0,ENVS,,1.0,107.0,3.6666666666666665,107.0
311,2021.0,4.0,,17.0,1.0,47.0,4.0,47.0
312,2021.0,4.0,ENVS,30.0,1.0,29.0,3.6666666666666665,29.0
313,2021.0,4.0,ENVS,60.0,1.0,27.0,4.0,27.0
314,2021.0,4.0,ENVS,67.0,1.0,30.0,4.0,30.0
315,2021.0,4.0,ENVS,79.0,1.0,14.0,3.5,14.0
316,2021.0,4.0,ENVS,40.01,,12.0,4.0,12.0
317,2021.0,4.0,ENVS,42.01,1.0,12.0,4.0,12.0
318,,4.0,ENVS,84.01,,12.0,,12.0
319,2021.0,4.0,,1.0,,33.0,3.6666666666666665,
320,2021.0,4.0,FILM,20.0,1.0,23.0,3.6666666666666665,23.0
321,2021.0,4.0,FILM,30.0,1.0,,4.0,12.0
322,,4.0,,33.0,1.0,14.0,,14.0
323,2021.0,,FILM,40.0,1.0,13.0,,13.0
324,2021.0,4.0,FILM,,1.0,,4.0,12.0
325,2021.0,4.0,FILM,42.02,1.0,,4.0,13.0
326,2021.0,4.0,FILM,42.17,1.0,19.0,3.333333333333333,19.0
327,2021.0,4.0,FILM,46.01,1.0,26.0,3.333333333333333,26.0
328,2021.0,4.0,FILM,47.32,1.0,13.0,4.0,13.0
329,,4.0,FILM,,1.0,74.0,,74.0
330,2021.0,4.0,FREN,1.0,1.0,11.0,,11.0
331,2021.0,4.0,FREN,3.0,4.0,58.0,3.839080459770115,14.5
332,,4.0,FREN,8.0,1.0,15.0,4.0,15.0
333,2021.0,4.0,FREN,24.0,1.0,10.0,4.0,10.0
334,2021.0,4.0,FREN,70.02,1.0,12.0,4.0,
335,2021.0,4.0,GEOG,2.01,1.0,31.0,4.0,
336,2021.0,4.0,GEOG,25.0,1.0,19.0,3.666666666666666,19.0
337,2021.0,4.0,GEOG,4.01,1.0,24.0,4.0,
338,2021.0,4.0,GEOG,57.0,1.0,10.0,3.8333333333333335,10.0
339,2021.0,4.0,GEOG,71.0,1.0,19.0,4.0,19.0
340,2021.0,4.0,GEOG,77.0,1.0,,4.0,13.0
341,2021.0,4.0,GEOG,8.01,1.0,35.0,3.666666666666666,35.0
342,2021.0,4.0,GEOG,9.01,1.0,40.0,3.333333333333333,40.0
343,2021.0,4.0,GEOG,21.01,1.0,30.0,3.6666666666666665,30.0
344,2021.0,4.0,GEOG,32.01,1.0,18.0,4.0,18.0
345,2021.0,4.0,GEOG,40.03,1.0,18.0,4.0,18.0
346,2021.0,4.0,GEOG,47.01,1.0,30.0,4.0,
347,2021.0,,GERM,1.0,2.0,24.0,3.6666666666666665,12.0
348,2021.0,4.0,,15.0,1.0,71.0,4.0,71.0
349,2021.0,4.0,GERM,10.01,1.0,14.0,4.0,14.0
350,2021.0,4.0,GERM,42.06,1.0,11.0,4.0,
351,2021.0,4.0,GERM,,1.0,17.0,4.0,17.0
352,2021.0,4.0,GERM,43.05,1.0,19.0,3.333333333333333,19.0
353,2021.0,4.0,GOVT,3.0,1.0,33.0,3.6666666666666665,33.0
354,,4.0,GOVT,4.0,1.0,45.0,3.333333333333333,45.0
355,2021.0,4.0,GOVT,5.0,2.0,78.0,3.333333333333333,39.0
356,2021.0,,,6.0,1.0,,3.333333333333333,35.0
357,2021.0,4.0,GOVT,10.0,2.0,53.0,3.333333333333333,26.5
358,2021.0,4.0,GOVT,16.0,1.0,30.0,3.6666666666666665,30.0
359,2021.0,4.0,GOVT,37.0,,18.0,,18.0
360,2021.0,4.0,GOVT,39.0,1.0,16.0,3.333333333333333,16.0
361,2021.0,4.0,GOVT,68.0,,64.0,3.333333333333333,64.0
362,2021.0,4.0,GOVT,,1.0,,4.0,16.0
363,2021.0,4.0,GOVT,20.01,1.0,26.0,3.333333333333333,26.0
364,2021.0,4.0,,20.05,1.0,25.0,3.666666666666666,25.0
365,2021.0,4.0,GOVT,30.03,1.0,30.0,3.6666666666666665,30.0
366,2021.0,,GOVT,40.03,,19.0,3.333333333333333,19.0
367,2021.0,4.0,GOVT,40.09,1.0,15.0,3.333333333333333,
368,2021.0,4.0,GOVT,40.25,,35.0,3.666666666666666,35.0
369,2021.0,4.0,GOVT,60.23,1.0,17.0,3.333333333333333,17.0
370,2021.0,4.0,GOVT,64.01,1.0,27.0,3.333333333333333,27.0
371,2021.0,4.0,GOVT,81.16,1.0,,3.6666666666666665,14.0
372,2021.0,4.0,GOVT,83.05,,16.0,3.6666666666666665,16.0
373,2021.0,4.0,GOVT,83.25,1.0,15.0,3.6666666666666665,15.0
374,2021.0,4.0,GOVT,83.28,1.0,12.0,3.6666666666666665,12.0
375,2021.0,4.0,GOVT,85.08,1.0,,3.6666666666666665,16.0
376,2021.0,4.0,GOVT,85.16,1.0,17.0,3.6666666666666665,
377,2021.0,4.0,GOVT,85.39,1.0,14.0,3.6666666666666665,14.0
378,2021.0,4.0,GOVT,86.25,1.0,,3.6666666666666665,23.0
379,2021.0,4.0,GOVT,86.4,1.0,,,14.0
380,2021.0,,GOVT,86.45,1.0,22.0,4.0,22.0
381,2021.0,,,14.0,1.0,58.0,3.333333333333333,58.0
382,2021.0,4.0,HIST,16.0,1.0,21.0,3.6666666666666665,21.0
383,,4.0,HIST,26.0,1.0,16.0,3.6666666666666665,16.0
384,2021.0,4.0,HIST,36.0,1.0,30.0,3.5,
385,2021.0,4.0,HIST,,1.0,,3.666666666666666,35.0
386,2021.0,4.0,HIST,49.0,1.0,11.0,3.333333333333334,11.0
387,2021.0,4.0,HIST,5.04,1.0,25.0,4.0,25.0
388,2021.0,4.0,HIST,5.13,1.0,,4.0,34.0
389,2021.0,4.0,HIST,71.0,1.0,25.0,4.0,25.0
390,2021.0,4.0,HIST,77.0,1.0,14.0,3.6666666666666665,14.0
391,2021.0,4.0,HIST,85.0,1.0,13.0,4.0,13.0
392,2021.0,4.0,HIST,,1.0,10.0,4.0,10.0
393,2021.0,4.0,HIST,25.02,1.0,33.0,3.6666666666666665,33.0
394,2021.0,4.0,HIST,31.01,1.0,27.0,4.0,27.0
395,2021.0,4.0,HIST,43.01,1.0,23.0,3.6666666666666665,23.0
396,2021.0,4.0,HIST,78.04,1.0,22.0,4.0,22.0
397,2021.0,4.0,HIST,,1.0,11.0,,
398,2021.0,,HIST,90.11,,17.0,3.333333333333333,17.0
399,2021.0,4.0,HIST,90.13,1.0,11.0,4.0,
400,2021.0,4.0,HIST,94.05,1.0,23.0,3.6666666666666665,23.0
401,2021.0,4.0,HIST,96.38,1.0,13.0,,13.0
402,2021.0,4.0,HUM,1.0,6.0,92.0,3.77536231884058,15.333333333333334
403,2021.0,4.0,INTS,16.0,,35.0,3.666666666666666,35.0
404,2021.0,4.0,INTS,18.0,1.0,30.0,3.6666666666666665,30.0
405,2021.0,4.0,ITAL,1.0,2.0,32.0,3.84375,16.0
406,2021.0,4.0,ITAL,3.0,1.0,12.0,4.0,12.0
407,2021.0,4.0,ITAL,11.0,1.0,14.0,3.6666666666666665,14.0
408,2021.0,4.0,ITAL,14.0,1.0,13.0,4.0,
409,2021.0,4.0,ITAL,37.11,1.0,22.0,4.0,22.0
410,2021.0,4.0,,1.0,2.0,37.0,3.8378378378378377,18.5
411,2021.0,4.0,JWST,4.0,,21.0,3.6666666666666665,21.0
412,2021.0,4.0,JWST,51.0,1.0,11.0,4.0,11.0
413,2021.0,4.0,JWST,37.02,1.0,,4.0,71.0
414,2021.0,4.0,JWST,40.01,1.0,15.0,3.333333333333333,15.0
415,2021.0,4.0,LACS,,1.0,34.0,4.0,
416,2021.0,4.0,LACS,50.09,1.0,25.0,3.666666666666666,
417,2021.0,4.0,LAT,,3.0,55.0,4.0,18.33333333333333
418,2021.0,4.0,LAT,3.0,,27.0,3.6666666666666665,13.5
419,2021.0,4.0,LAT,20.0,1.0,10.0,4.0,10.0
420,2021.0,4.0,LATS,3.0,1.0,24.0,,
421,2021.0,4.0,,5.0,1.0,15.0,,15.0
422,2021.0,4.0,LATS,,,27.0,4.0,27.0
423,2021.0,4.0,LATS,45.0,1.0,30.0,3.6666666666666665,
424,2021.0,4.0,LING,1.0,2.0,,3.333333333333333,28.0
425,2021.0,4.0,LING,,1.0,19.0,3.666666666666666,19.0
426,2021.0,4.0,LING,22.0,1.0,17.0,,17.0
427,2021.0,4.0,LING,50.01,1.0,33.0,4.0,33.0
428,2021.0,4.0,,1.0,4.0,300.0,3.333333333333333,75.0
429,,4.0,MATH,,,1175.0,4.0,235.0
430,2021.0,4.0,,8.0,3.0,231.0,3.0,77.0
431,,4.0,MATH,9.0,2.0,32.0,3.1666666666666665,16.0
432,2021.0,4.0,MATH,11.0,4.0,444.0,3.6666666666666665,111.0
433,2021.0,4.0,,13.0,1.0,35.0,,35.0
434,2021.0,4.0,,,1.0,33.0,4.0,33.0
435,2021.0,,,22.0,2.0,92.0,,46.0
436,2021.0,4.0,MATH,23.0,2.0,70.0,,35.0
437,2021.0,4.0,MATH,25.0,1.0,15.0,4.0,15.0
438,2021.0,,MATH,36.0,1.0,32.0,3.6666666666666665,32.0
439,2021.0,4.0,MATH,50.0,1.0,72.0,3.6666666666666665,72.0
440,2021.0,4.0,MATH,68.0,1.0,11.0,,11.0
441,2021.0,4.0,MATH,71.0,1.0,15.0,4.0,15.0
442,2021.0,4.0,,,1.0,35.0,3.666666666666666,35.0
443,2021.0,4.0,MES,6.02,,54.0,4.0,54.0
444,2021.0,4.0,MES,,1.0,35.0,3.666666666666666,35.0
445,2021.0,4.0,MES,12.09,1.0,15.0,3.333333333333333,15.0
446,2021.0,4.0,MES,13.12,1.0,19.0,4.0,19.0
447,2021.0,4.0,MUS,1.0,1.0,30.0,4.0,30.0
448,2021.0,4.0,MUS,20.0,1.0,32.0,4.0,
449,2021.0,4.0,,21.0,1.0,18.0,,18.0
450,2021.0,4.0,,25.0,1.0,,4.0,14.0
451,2021.0,4.0,,26.0,1.0,10.0,4.0,10.0
452,2021.0,4.0,MUS,36.0,1.0,17.0,3.6666666666666665,17.0
453,2021.0,4.0,MUS,42.0,1.0,19.0,4.0,19.0
454,2021.0,4.0,MUS,,1.0,74.0,4.0,74.0
455,2021.0,4.0,MUS,51.0,1.0,27.0,,27.0
456,2021.0,,MUS,99.0,1.0,16.0,,16.0
457,2021.0,4.0,MUS,16.02,1.0,19.0,,19.0
458,2021.0,4.0,MUS,18.02,1.0,26.0,4.0,
459,2021.0,4.0,,40.06,1.0,13.0,4.0,13.0
460,2021.0,4.0,MUS,57.03,1.0,,,11.0
461,2021.0,4.0,NAS,8.0,1.0,35.0,3.666666666666666,35.0
462,2021.0,4.0,,11.0,1.0,28.0,3.6666666666666665,
463,2021.0,4.0,NAS,14.0,1.0,,3.333333333333333,58.0
464,2021.0,4.0,,25.0,1.0,78.0,3.6666666666666665,78.0
465,2021.0,4.0,NAS,30.22,1.0,11.0,4.0,11.0
466,2021.0,4.0,PBPL,43.0,1.0,20.0,3.6666666666666665,20.0
467,2021.0,4.0,PBPL,44.0,1.0,18.0,3.5,
468,2021.0,4.0,PBPL,,1.0,32.0,,
469,2021.0,4.0,PBPL,83.01,1.0,12.0,3.6666666666666665,12.0
470,2021.0,4.0,PHIL,3.0,1.0,19.0,3.666666666666666,19.0
471,2021.0,4.0,PHIL,4.0,1.0,29.0,4.0,29.0
472,,4.0,PHIL,9.0,1.0,,,30.0
473,2021.0,4.0,PHIL,1.01,1.0,27.0,3.6666666666666665,27.0
474,2021.0,,PHIL,1.03,1.0,30.0,4.0,30.0
475,2021.0,,PHIL,1.11,1.0,27.0,4.0,27.0
476,,4.0,PHIL,1.14,1.0,,4.0,20.0
477,2021.0,4.0,PHIL,1.16,1.0,28.0,3.8333333333333335,28.0
478,2021.0,4.0,PHIL,11.0,1.0,22.0,3.666666666666666,22.0
479,2021.0,4.0,PHIL,26.0,1.0,24.0,4.0,24.0
480,2021.0,4.0,PHIL,9.01,1.0,27.0,3.6666666666666665,27.0
481,2021.0,4.0,PHIL,16.02,1.0,15.0,3.6666666666666665,15.0
482,2021.0,4.0,PHIL,38.03,1.0,22.0,4.0,
483,2021.0,4.0,PHIL,50.36,1.0,18.0,,18.0
484,2021.0,4.0,PHYS,3.0,1.0,28.0,3.6666666666666665,28.0
485,,,PHYS,13.0,2.0,186.0,3.333333333333333,
486,2021.0,,PHYS,15.0,1.0,26.0,4.0,
487,,4.0,,19.0,1.0,11.0,4.0,
488,2021.0,4.0,PHYS,43.0,1.0,16.0,4.0,16.0
489,2021.0,4.0,PHYS,,1.0,12.0,3.8333333333333335,12.0
490,2021.0,,PHYS,70.0,1.0,13.0,3.6666666666666665,13.0
491,2021.0,4.0,,77.0,1.0,14.0,4.0,14.0
492,2021.0,4.0,PSYC,1.0,1.0,199.0,3.0,199.0
493,2021.0,4.0,PSYC,6.0,1.0,76.0,3.1666666666666665,76.0
494,2021.0,4.0,PSYC,10.0,1.0,33.0,3.333333333333333,33.0
495,,4.0,PSYC,11.0,,23.0,3.6666666666666665,23.0
496,2021.0,4.0,PSYC,21.0,1.0,66.0,3.333333333333333,66.0
497,,4.0,PSYC,,1.0,51.0,3.0,
498,2021.0,4.0,PSYC,35.0,,14.0,3.333333333333333,14.0
499,,4.0,PSYC,36.0,1.0,20.0,3.333333333333333,20.0
500,2021.0,,PSYC,37.0,1.0,,3.6666666666666665,23.0
501,2021.0,,PSYC,40.0,1.0,30.0,3.6666666666666665,30.0
502,2021.0,4.0,PSYC,60.0,1.0,11.0,3.666666666666666,
503,2021.0,4.0,PSYC,50.09,1.0,,3.333333333333333,27.0
504,2021.0,4.0,PSYC,51.01,1.0,,4.0,19.0
505,2021.0,4.0,PSYC,51.13,1.0,33.0,4.0,33.0
506,2021.0,,PSYC,52.04,1.0,28.0,3.6666666666666665,28.0
507,2021.0,4.0,PSYC,54.08,1.0,21.0,3.6666666666666665,21.0
508,2021.0,4.0,PSYC,83.08,1.0,14.0,4.0,14.0
509,2021.0,4.0,QSS,15.0,1.0,15.0,3.6666666666666665,15.0
510,2021.0,4.0,QSS,17.0,1.0,30.0,3.6666666666666665,30.0
511,2021.0,4.0,QSS,41.0,1.0,27.0,3.6666666666666665,27.0
512,2021.0,4.0,,54.0,,,4.0,19.0
513,,4.0,,30.13,1.0,35.0,4.0,35.0
514,2021.0,4.0,QSS,,1.0,18.0,,18.0
515,2021.0,4.0,QSS,30.16,1.0,16.0,4.0,16.0
516,2021.0,4.0,QSS,30.17,,26.0,4.0,26.0
517,2021.0,4.0,QSS,30.18,1.0,14.0,3.6666666666666665,14.0
518,2021.0,4.0,QSS,,1.0,18.0,,18.0
519,2021.0,4.0,REL,4.0,1.0,21.0,3.6666666666666665,21.0
520,2021.0,4.0,REL,,1.0,57.0,4.0,57.0
521,2021.0,4.0,REL,1.02,1.0,15.0,4.0,
522,2021.0,4.0,REL,1.11,1.0,57.0,4.0,57.0
523,2021.0,4.0,REL,54.0,1.0,20.0,3.333333333333333,20.0
524,2021.0,4.0,REL,16.01,1.0,54.0,,54.0
525,2021.0,4.0,REL,16.09,1.0,19.0,,19.0
526,2021.0,4.0,REL,20.06,1.0,16.0,4.0,
527,2021.0,4.0,REL,40.07,1.0,,4.0,14.0
528,2021.0,4.0,REL,41.04,1.0,36.0,4.0,36.0
529,2021.0,4.0,REL,41.05,1.0,28.0,4.0,28.0
530,2021.0,4.0,RUSS,1.0,,12.0,4.0,12.0
531,2021.0,4.0,,,1.0,,4.0,23.0
532,2021.0,4.0,RUSS,13.0,1.0,,3.8333333333333335,68.0
533,2021.0,4.0,RUSS,14.0,1.0,20.0,4.0,20.0
534,2021.0,4.0,RUSS,27.0,1.0,10.0,4.0,10.0
535,2021.0,4.0,RUSS,31.0,1.0,20.0,4.0,
536,,,SART,15.0,1.0,16.0,4.0,16.0
537,2021.0,4.0,SART,16.0,2.0,21.0,4.0,
538,2021.0,4.0,SART,25.0,1.0,15.0,4.0,15.0
539,2021.0,4.0,,29.0,1.0,11.0,4.0,11.0
540,2021.0,4.0,SART,65.0,1.0,11.0,4.0,11.0
541,2021.0,4.0,,17.08,1.0,10.0,4.0,
542,2021.0,4.0,SOCY,1.0,1.0,80.0,3.6666666666666665,80.0
543,2021.0,,SOCY,10.0,2.0,53.0,3.742138364779874,26.5
544,2021.0,4.0,SOCY,15.0,1.0,25.0,3.666666666666666,25.0
545,2021.0,4.0,SOCY,35.0,1.0,35.0,,35.0
546,,4.0,SOCY,48.0,1.0,29.0,4.0,29.0
547,2021.0,4.0,SOCY,,1.0,19.0,4.0,19.0
548,2021.0,4.0,SOCY,61.0,1.0,26.0,4.0,26.0
549,2021.0,,SOCY,75.0,1.0,18.0,4.0,18.0
550,2021.0,4.0,SPAN,1.0,8.0,832.0,3.666666666666667,104.0
551,2021.0,,SPAN,2.0,6.0,,3.6666666666666665,
552,2021.0,4.0,SPAN,3.0,5.0,355.0,3.666666666666666,71.0
553,,4.0,SPAN,9.0,3.0,96.0,3.6666666666666665,32.0
554,2021.0,4.0,,20.0,2.0,56.0,3.6666666666666665,28.0
555,2021.0,4.0,SPAN,,2.0,52.0,3.6666666666666665,26.0
556,2021.0,4.0,SPAN,45.05,1.0,13.0,4.0,13.0
557,,4.0,SPEE,26.0,1.0,18.0,4.0,
558,2021.0,4.0,SPEE,,1.0,,4.0,14.0
559,2021.0,4.0,SPEE,20.03,1.0,14.0,3.6666666666666665,14.0
560,2021.0,4.0,,15.0,1.0,17.0,4.0,17.0
561,2021.0,4.0,THEA,26.0,1.0,17.0,4.0,17.0
562,2021.0,4.0,THEA,30.0,3.0,46.0,4.0,15.333333333333334
563,2021.0,4.0,THEA,35.0,1.0,16.0,4.0,16.0
564,,4.0,,,1.0,15.0,4.0,15.0
565,2021.0,4.0,THEA,42.0,,12.0,,12.0
566,2021.0,4.0,,50.0,1.0,12.0,4.0,12.0
567,2021.0,4.0,TUCK,2.0,2.0,232.0,3.6666666666666665,116.0
568,2021.0,4.0,WGSS,,4.0,76.0,4.0,19.0
569,,4.0,WGSS,80.0,1.0,17.0,4.0,17.0
570,2021.0,4.0,WGSS,18.01,,18.0,4.0,
571,2021.0,4.0,WGSS,31.04,1.0,26.0,3.333333333333333,26.0
572,2021.0,4.0,WGSS,33.05,1.0,26.0,4.0,26.0
573,2021.0,4.0,WGSS,36.01,1.0,,4.0,29.0
574,2021.0,4.0,,37.03,1.0,19.0,3.666666666666666,19.0
575,2021.0,4.0,WGSS,41.06,1.0,24.0,4.0,24.0
576,2021.0,4.0,WGSS,46.01,1.0,,4.0,29.0
577,2021.0,4.0,WGSS,48.08,1.0,18.0,3.8333333333333335,18.0
578,2021.0,4.0,WGSS,56.01,1.0,26.0,3.333333333333333,26.0
579,2021.0,4.0,WGSS,65.06,,13.0,4.0,13.0
580,2021.0,,WGSS,67.01,1.0,11.0,4.0,11.0
581,2021.0,4.0,WRIT,,10.0,137.0,3.7104622871046233,13.7
582,2021.0,4.0,WRIT,5.0,33.0,515.0,3.857605177993527,15.606060606060606
583,2021.0,4.0,WRIT,43.0,1.0,18.0,4.0,18.0
584,2022.0,1.0,,,1.0,,4.0,24.0
585,2022.0,1.0,AAAS,13.0,1.0,18.0,4.0,18.0
586,,1.0,AAAS,22.0,1.0,22.0,4.0,
587,2022.0,1.0,AAAS,50.0,,31.0,3.6666666666666665,31.0
588,2022.0,1.0,AAAS,53.0,1.0,,3.6666666666666665,16.0
589,2022.0,1.0,,,1.0,,4.0,
590,2022.0,,AAAS,18.03,1.0,,3.0,52.0
591,2022.0,1.0,AAAS,20.15,1.0,16.0,4.0,16.0
592,,1.0,AAAS,36.5,1.0,24.0,4.0,24.0
593,2022.0,1.0,AAAS,54.05,1.0,18.0,4.0,18.0
594,2022.0,1.0,,67.09,1.0,16.0,4.0,16.0
595,2022.0,1.0,AAAS,68.08,1.0,15.0,4.0,15.0
596,,1.0,AAAS,80.06,,24.0,3.333333333333333,24.0
597,2022.0,1.0,AAAS,87.05,1.0,34.0,3.6666666666666665,34.0
598,2022.0,1.0,,88.11,1.0,21.0,3.6666666666666665,21.0
599,2022.0,1.0,AAAS,90.01,1.0,11.0,3.666666666666666,
600,,1.0,ANTH,3.0,1.0,78.0,3.6666666666666665,78.0
601,2022.0,,ANTH,14.0,1.0,34.0,3.6666666666666665,34.0
602,2022.0,1.0,ANTH,17.0,,,4.0,25.0
603,2022.0,1.0,ANTH,41.0,1.0,70.0,3.666666666666666,70.0
604,,1.0,ANTH,51.0,,13.0,4.0,13.0
605,2022.0,1.0,ANTH,58.0,1.0,23.0,4.0,23.0
606,2022.0,1.0,ANTH,7.05,1.0,16.0,3.6666666666666665,16.0
607,2022.0,1.0,ANTH,73.0,1.0,11.0,4.0,
608,2022.0,1.0,ANTH,12.26,1.0,25.0,3.666666666666666,25.0
609,2022.0,1.0,,50.05,1.0,34.0,3.6666666666666665,
610,,1.0,ANTH,50.31,1.0,22.0,4.0,22.0
611,2022.0,1.0,ANTH,50.37,1.0,20.0,3.6666666666666665,20.0
612,2022.0,1.0,ANTH,50.44,1.0,17.0,4.0,17.0
613,2022.0,1.0,ANTH,50.45,1.0,13.0,,13.0
614,2022.0,1.0,,52.01,1.0,13.0,4.0,13.0
615,2022.0,1.0,ANTH,54.01,,13.0,4.0,13.0
616,2022.0,1.0,ARTH,5.0,1.0,55.0,3.6666666666666665,55.0
617,2022.0,1.0,ARTH,7.05,1.0,16.0,3.8333333333333335,16.0
618,2022.0,1.0,ARTH,12.01,1.0,,3.666666666666666,22.0
619,2022.0,1.0,ARTH,38.01,1.0,20.0,4.0,20.0
620,2022.0,1.0,ARTH,40.04,1.0,26.0,4.0,26.0
621,2022.0,1.0,ARTH,48.05,1.0,25.0,,25.0
622,2022.0,1.0,ARTH,63.71,1.0,24.0,3.8333333333333335,24.0
623,2022.0,1.0,ASCL,7.03,1.0,15.0,,15.0
624,2022.0,1.0,ASCL,51.05,1.0,58.0,4.0,58.0
625,2022.0,1.0,ASCL,54.07,1.0,31.0,3.6666666666666665,
626,2022.0,1.0,ASCL,60.25,1.0,20.0,3.6666666666666665,
627,2022.0,1.0,ASCL,61.08,1.0,29.0,4.0,29.0
628,2022.0,1.0,ASCL,64.12,1.0,31.0,3.6666666666666665,31.0
629,2022.0,1.0,,70.01,1.0,20.0,4.0,20.0
630,2022.0,1.0,ASCL,70.09,1.0,33.0,4.0,33.0
631,2022.0,1.0,BIOL,,2.0,84.0,3.0,42.0
632,2022.0,1.0,BIOL,14.0,1.0,,3.0,41.0
633,2022.0,1.0,BIOL,15.0,,24.0,3.0,24.0
634,,,BIOL,28.0,1.0,16.0,,16.0
635,2022.0,1.0,BIOL,29.0,1.0,25.0,3.333333333333334,25.0
636,,1.0,BIOL,40.0,1.0,18.0,3.0,18.0
637,,1.0,BIOL,42.0,1.0,33.0,3.333333333333333,33.0
638,2022.0,1.0,BIOL,,1.0,15.0,4.0,15.0
639,2022.0,1.0,BIOL,56.0,1.0,15.0,,15.0
640,2022.0,1.0,BIOL,,1.0,15.0,3.6666666666666665,15.0
641,,1.0,BIOL,7.02,1.0,16.0,3.6666666666666665,16.0
642,2022.0,1.0,BIOL,78.0,1.0,15.0,4.0,15.0
643,2022.0,,BIOL,,1.0,21.0,3.333333333333333,21.0
644,2022.0,1.0,BIOL,74.01,1.0,,,15.0
645,2022.0,1.0,CHEM,5.0,2.0,182.0,3.333333333333334,91.0
646,2022.0,1.0,CHEM,52.0,1.0,52.0,3.333333333333333,52.0
647,2022.0,1.0,CHEM,57.0,1.0,12.0,3.5,12.0
648,2022.0,1.0,CHEM,64.0,1.0,16.0,3.6666666666666665,16.0
649,,1.0,CHIN,2.0,2.0,22.0,4.0,11.0
650,2022.0,1.0,CHIN,22.0,1.0,12.0,4.0,12.0
651,2022.0,1.0,,32.0,1.0,14.0,4.0,14.0
652,2022.0,1.0,,7.11,1.0,10.0,4.0,10.0
653,2022.0,,CLST,11.16,,27.0,4.0,27.0
654,2022.0,,CLST,11.19,,12.0,3.6666666666666665,12.0
655,2022.0,1.0,COCO,36.0,1.0,18.0,3.6666666666666665,18.0
656,2022.0,1.0,COGS,25.0,1.0,,3.6666666666666665,30.0
657,2022.0,1.0,COGS,7.01,1.0,16.0,4.0,
658,2022.0,1.0,COGS,11.04,1.0,11.0,3.666666666666666,11.0
659,2022.0,1.0,COLT,7.17,1.0,14.0,4.0,14.0
660,2022.0,1.0,COLT,57.07,,16.0,3.6666666666666665,16.0
661,2022.0,1.0,COLT,62.08,1.0,,,10.0
662,2022.0,1.0,COSC,,2.0,199.0,4.0,99.5
663,2022.0,1.0,COSC,10.0,2.0,119.0,3.3361344537815127,59.5
664,2022.0,1.0,COSC,24.0,1.0,19.0,3.666666666666666,19.0
665,2022.0,1.0,COSC,30.0,1.0,56.0,3.333333333333333,56.0
666,2022.0,1.0,COSC,31.0,2.0,94.0,3.1773049645390072,47.0
667,,1.0,COSC,36.0,1.0,11.0,3.666666666666666,11.0
668,2022.0,1.0,COSC,50.0,1.0,42.0,3.6666666666666665,42.0
669,2022.0,1.0,,58.0,1.0,19.0,4.0,19.0
670,2022.0,1.0,COSC,67.0,1.0,,4.0,35.0
671,2022.0,,COSC,70.0,1.0,31.0,3.6666666666666665,31.0
672,2022.0,1.0,COSC,74.0,1.0,87.0,4.0,87.0
673,2022.0,1.0,COSC,63.01,1.0,14.0,4.0,14.0
674,2022.0,1.0,COSC,,1.0,13.0,4.0,
675,2022.0,,COSC,98.02,1.0,70.0,4.0,70.0
676,2022.0,,COSC,99.02,1.0,11.0,4.0,11.0
677,2022.0,1.0,CRWT,10.0,2.0,,4.0,12.0
678,2022.0,1.0,CRWT,12.0,,12.0,,12.0
679,,1.0,CRWT,20.0,1.0,12.0,4.0,12.0
680,2022.0,1.0,CRWT,,1.0,17.0,4.0,17.0
681,2022.0,1.0,EARS,2.0,,157.0,3.333333333333333,78.5
682,2022.0,1.0,EARS,9.0,1.0,,4.0,
683,2022.0,1.0,EARS,32.0,1.0,16.0,3.333333333333333,16.0
684,2022.0,1.0,,,1.0,12.0,3.8333333333333335,12.0
685,2022.0,1.0,EARS,51.0,1.0,13.0,3.6666666666666665,13.0
686,2022.0,1.0,EARS,,1.0,12.0,4.0,12.0
687,2022.0,1.0,EARS,78.0,1.0,18.0,4.0,18.0
688,2022.0,1.0,EARS,65.01,1.0,27.0,4.0,27.0
689,2022.0,1.0,ECON,1.0,3.0,214.0,3.333333333333333,71.33333333333333
690,2022.0,1.0,ECON,3.0,2.0,50.0,3.333333333333334,25.0
691,2022.0,1.0,ECON,10.0,2.0,114.0,3.333333333333333,57.0
692,2022.0,1.0,ECON,15.0,,29.0,3.333333333333333,29.0
693,2022.0,1.0,ECON,20.0,2.0,126.0,3.333333333333333,63.0
694,2022.0,1.0,ECON,21.0,2.0,116.0,3.333333333333333,58.0
695,2022.0,1.0,ECON,22.0,2.0,124.0,3.333333333333333,62.0
696,2022.0,,ECON,24.0,2.0,116.0,3.333333333333333,58.0
697,2022.0,1.0,ECON,29.0,2.0,,3.333333333333333,46.0
698,2022.0,,ECON,35.0,2.0,80.0,3.333333333333333,40.0
699,2022.0,1.0,ECON,36.0,1.0,29.0,3.333333333333333,29.0
700,2022.0,1.0,ECON,38.0,2.0,134.0,3.333333333333333,67.0
701,2022.0,1.0,ECON,,2.0,46.0,3.333333333333333,23.0
702,2022.0,1.0,ECON,57.0,1.0,10.0,,10.0
703,2022.0,1.0,ECON,,2.0,38.0,3.666666666666666,
704,2022.0,1.0,ECON,66.0,3.0,135.0,3.6666666666666665,45.0
705,2022.0,1.0,ECON,67.0,1.0,16.0,3.6666666666666665,16.0
706,2022.0,1.0,ECON,,,40.0,3.6666666666666665,20.0
707,2022.0,1.0,ECON,82.0,1.0,,4.0,10.0
708,2022.0,1.0,EDUC,20.0,1.0,32.0,3.6666666666666665,32.0
709,2022.0,1.0,,24.0,1.0,23.0,3.6666666666666665,23.0
710,2022.0,1.0,EDUC,46.0,1.0,15.0,,15.0
711,2022.0,1.0,EDUC,47.0,1.0,29.0,3.6666666666666665,29.0
712,2022.0,1.0,ENGL,2.0,1.0,31.0,4.0,31.0
713,2022.0,,ENGL,,1.0,15.0,4.0,15.0
714,2022.0,1.0,ENGL,23.0,1.0,40.0,4.0,40.0
715,2022.0,1.0,ENGL,31.0,1.0,18.0,4.0,18.0
716,2022.0,1.0,ENGL,36.0,1.0,19.0,3.666666666666666,19.0
717,2022.0,1.0,ENGL,37.0,1.0,16.0,4.0,16.0
718,2022.0,1.0,ENGL,7.44,1.0,16.0,3.6666666666666665,16.0
719,2022.0,1.0,ENGL,7.47,1.0,16.0,4.0,16.0
720,2022.0,1.0,ENGL,,1.0,14.0,4.0,14.0
721,2022.0,1.0,ENGL,7.53,1.0,16.0,4.0,16.0
722,2022.0,1.0,,7.54,1.0,15.0,4.0,15.0
723,,1.0,ENGL,7.57,1.0,16.0,4.0,16.0
724,2022.0,1.0,ENGL,52.18,1.0,31.0,3.6666666666666665,31.0
725,2022.0,1.0,ENGL,62.22,1.0,21.0,3.6666666666666665,21.0
726,2022.0,1.0,ENGL,63.04,1.0,15.0,3.6666666666666665,15.0
727,2022.0,1.0,ENGL,63.29,1.0,16.0,4.0,16.0
728,2022.0,1.0,ENGL,64.08,1.0,10.0,4.0,10.0
729,,1.0,ENGL,71.15,1.0,12.0,4.0,12.0
730,2022.0,1.0,ENGS,,1.0,52.0,4.0,52.0
731,2022.0,1.0,ENGS,11.0,1.0,26.0,4.0,
732,2022.0,1.0,ENGS,12.0,2.0,,4.0,22.0
733,2022.0,1.0,ENGS,18.0,1.0,28.0,3.6666666666666665,28.0
734,2022.0,1.0,,20.0,1.0,33.0,3.333333333333333,33.0
735,,1.0,ENGS,21.0,1.0,57.0,,57.0
736,2022.0,1.0,ENGS,22.0,1.0,22.0,3.833333333333334,22.0
737,2022.0,1.0,ENGS,23.0,1.0,24.0,3.333333333333333,24.0
738,2022.0,1.0,ENGS,24.0,1.0,23.0,3.333333333333333,23.0
739,2022.0,1.0,ENGS,25.0,1.0,31.0,4.0,31.0
740,2022.0,1.0,ENGS,28.0,1.0,,3.6666666666666665,32.0
741,2022.0,1.0,ENGS,30.0,1.0,10.0,3.333333333333333,10.0
742,2022.0,,ENGS,32.0,1.0,21.0,3.6666666666666665,21.0
743,2022.0,1.0,ENGS,33.0,1.0,26.0,4.0,26.0
744,2022.0,,ENGS,41.0,1.0,22.0,3.666666666666666,22.0
745,2022.0,1.0,,52.0,1.0,11.0,4.0,11.0
746,2022.0,,ENGS,58.0,1.0,14.0,3.5,14.0
747,2022.0,1.0,ENGS,62.0,1.0,19.0,4.0,19.0
748,2022.0,1.0,ENGS,66.0,1.0,56.0,3.333333333333333,56.0
749,2022.0,1.0,ENGS,7.08,1.0,16.0,4.0,
750,2022.0,1.0,ENGS,72.0,1.0,10.0,3.333333333333333,10.0
751,2022.0,1.0,ENGS,75.0,1.0,18.0,3.8333333333333335,18.0
752,2022.0,1.0,ENGS,90.0,,63.0,4.0,63.0
753,2022.0,1.0,ENGS,93.0,1.0,21.0,3.6666666666666665,21.0
754,2022.0,1.0,ENGS,171.0,,11.0,4.0,11.0
755,2022.0,1.0,ENVS,2.0,1.0,,3.6666666666666665,
756,2022.0,1.0,ENVS,12.0,1.0,38.0,3.666666666666666,38.0
757,2022.0,1.0,ENVS,45.0,1.0,31.0,,31.0
758,2022.0,1.0,ENVS,56.0,1.0,44.0,4.0,44.0
759,2022.0,1.0,ENVS,7.02,1.0,16.0,3.6666666666666665,16.0
760,2022.0,,ENVS,80.01,1.0,20.0,4.0,20.0
761,2022.0,,ENVS,80.08,1.0,30.0,4.0,30.0
762,2022.0,1.0,ENVS,80.15,,,4.0,13.0
763,2022.0,1.0,FILM,3.0,1.0,19.0,4.0,19.0
764,2022.0,1.0,FILM,21.0,1.0,13.0,3.333333333333333,13.0
765,2022.0,1.0,,31.0,1.0,17.0,4.0,17.0
766,2022.0,1.0,FILM,33.0,1.0,11.0,4.0,11.0
767,2022.0,1.0,FILM,,1.0,10.0,3.8333333333333335,10.0
768,2022.0,1.0,FILM,80.0,1.0,14.0,,14.0
769,2022.0,1.0,FILM,42.21,1.0,15.0,4.0,15.0
770,2022.0,1.0,,43.02,1.0,14.0,4.0,14.0
771,2022.0,1.0,FILM,46.07,1.0,24.0,4.0,24.0
772,2022.0,1.0,FILM,46.09,1.0,14.0,4.0,14.0
773,2022.0,,FILM,47.02,1.0,14.0,4.0,14.0
774,,1.0,FILM,47.17,1.0,14.0,4.0,14.0
775,2022.0,1.0,,48.03,1.0,,4.0,12.0
776,2022.0,1.0,FILM,,1.0,19.0,4.0,19.0
777,2022.0,1.0,FREN,1.0,1.0,10.0,,10.0
778,2022.0,1.0,FREN,2.0,2.0,24.0,3.5138888888888893,12.0
779,2022.0,1.0,FREN,3.0,2.0,27.0,3.82716049382716,13.5
780,2022.0,1.0,FREN,8.0,2.0,23.0,4.0,
781,2022.0,1.0,FREN,10.0,1.0,11.0,3.666666666666666,11.0
782,2022.0,,FREN,12.0,1.0,11.0,3.666666666666666,11.0
783,2022.0,1.0,,23.0,,17.0,4.0,17.0
784,2022.0,1.0,FREN,29.0,,15.0,4.0,15.0
785,2022.0,1.0,FREN,30.0,1.0,15.0,3.6666666666666665,15.0
786,,1.0,FREN,31.0,1.0,15.0,3.6666666666666665,15.0
787,,,FREN,7.06,1.0,16.0,,16.0
788,2022.0,1.0,GEOG,11.0,1.0,21.0,4.0,21.0
789,,1.0,GEOG,29.0,1.0,19.0,3.666666666666666,19.0
790,2022.0,1.0,GEOG,,1.0,72.0,4.0,72.0
791,2022.0,1.0,GEOG,31.0,1.0,13.0,3.6666666666666665,13.0
792,2022.0,1.0,GEOG,4.01,1.0,,4.0,25.0
793,2022.0,1.0,GEOG,7.18,1.0,14.0,3.6666666666666665,14.0
794,2022.0,1.0,GEOG,90.0,1.0,12.0,4.0,12.0
795,2022.0,1.0,GEOG,15.01,1.0,31.0,3.333333333333333,31.0
796,2022.0,1.0,GEOG,19.01,1.0,37.0,3.6666666666666665,37.0
797,,1.0,GEOG,21.01,1.0,23.0,,23.0
798,2022.0,1.0,GEOG,39.01,1.0,25.0,3.666666666666666,25.0
799,2022.0,1.0,,1.0,1.0,21.0,,21.0
800,,1.0,GERM,2.0,1.0,11.0,3.666666666666666,11.0
801,2022.0,1.0,GERM,7.06,1.0,15.0,4.0,15.0
802,2022.0,1.0,GERM,65.06,1.0,11.0,3.666666666666666,11.0
803,2022.0,1.0,GOVT,3.0,2.0,26.0,3.1410256410256414,13.0
804,2022.0,1.0,GOVT,,1.0,16.0,3.5,16.0
805,2022.0,1.0,GOVT,5.0,2.0,,3.333333333333333,73.0
806,2022.0,1.0,GOVT,6.0,1.0,,3.333333333333334,41.0
807,,1.0,,,2.0,40.0,,20.0
808,2022.0,1.0,GOVT,35.0,1.0,25.0,3.333333333333334,25.0
809,2022.0,1.0,GOVT,42.0,1.0,,3.6666666666666665,34.0
810,2022.0,1.0,GOVT,48.0,1.0,24.0,3.333333333333333,24.0
811,2022.0,1.0,GOVT,63.0,1.0,25.0,3.666666666666666,25.0
812,2022.0,1.0,GOVT,7.14,1.0,16.0,3.6666666666666665,16.0
813,2022.0,1.0,GOVT,7.15,1.0,15.0,3.6666666666666665,15.0
814,2022.0,1.0,GOVT,,1.0,15.0,3.6666666666666665,15.0
815,2022.0,1.0,GOVT,30.14,1.0,29.0,3.333333333333333,29.0
816,2022.0,1.0,GOVT,40.09,1.0,17.0,4.0,17.0
817,2022.0,1.0,GOVT,40.14,,20.0,3.5,20.0
818,2022.0,1.0,GOVT,40.2,1.0,28.0,,28.0
819,2022.0,1.0,GOVT,50.04,1.0,25.0,3.333333333333334,25.0
820,2022.0,1.0,GOVT,50.06,1.0,35.0,3.333333333333333,
821,2022.0,1.0,GOVT,50.16,1.0,26.0,3.333333333333333,26.0
822,2022.0,1.0,GOVT,83.06,1.0,10.0,4.0,10.0
823,2022.0,1.0,GOVT,83.19,1.0,12.0,3.6666666666666665,12.0
824,2022.0,1.0,GOVT,,1.0,11.0,,11.0
825,2022.0,1.0,GOVT,86.03,1.0,14.0,3.6666666666666665,
826,2022.0,1.0,GOVT,86.42,1.0,15.0,3.6666666666666665,15.0
827,,1.0,GOVT,86.44,1.0,11.0,4.0,11.0
828,2022.0,1.0,GOVT,86.46,,10.0,3.6666666666666665,10.0
829,2022.0,1.0,GOVT,86.47,1.0,,3.6666666666666665,13.0
830,2022.0,1.0,HIST,,1.0,10.0,3.6666666666666665,10.0
831,2022.0,1.0,HIST,8.0,,,3.6666666666666665,31.0
832,2022.0,,HIST,17.0,1.0,18.0,4.0,18.0
833,2022.0,1.0,HIST,22.0,1.0,24.0,3.333333333333333,24.0
834,2022.0,1.0,HIST,23.0,1.0,32.0,3.6666666666666665,32.0
835,2022.0,1.0,,3.01,1.0,13.0,3.333333333333333,
836,2022.0,1.0,,33.0,1.0,25.0,4.0,25.0
837,2022.0,1.0,,52.0,1.0,24.0,3.5,24.0
838,2022.0,1.0,,69.0,1.0,16.0,3.6666666666666665,16.0
839,2022.0,1.0,HIST,7.28,1.0,15.0,4.0,15.0
840,2022.0,1.0,HIST,7.32,1.0,15.0,3.6666666666666665,15.0
841,2022.0,1.0,HIST,75.0,1.0,31.0,3.6666666666666665,31.0
842,,1.0,HIST,79.0,1.0,31.0,3.6666666666666665,31.0
843,,1.0,HIST,38.04,1.0,25.0,3.666666666666666,25.0
844,,1.0,HIST,43.03,1.0,10.0,3.6666666666666665,10.0
845,2022.0,1.0,HIST,90.14,1.0,12.0,,12.0
846,2022.0,1.0,HIST,,1.0,14.0,3.6666666666666665,14.0
847,2022.0,1.0,HIST,91.02,,29.0,4.0,29.0
848,2022.0,1.0,HIST,92.06,1.0,16.0,4.0,
849,,1.0,HIST,94.08,1.0,24.0,4.0,24.0
850,2022.0,,HIST,94.16,1.0,12.0,3.6666666666666665,12.0
851,2022.0,1.0,HIST,,1.0,10.0,3.8333333333333335,10.0
852,2022.0,1.0,HIST,,,14.0,3.6666666666666665,14.0
853,,1.0,HUM,2.0,3.0,38.0,3.824561403508772,12.666666666666666
854,,1.0,INTS,18.0,1.0,23.0,3.6666666666666665,23.0
855,2022.0,1.0,INTS,17.07,1.0,16.0,3.6666666666666665,16.0
856,2022.0,1.0,ITAL,1.0,2.0,38.0,4.0,19.0
857,2022.0,1.0,ITAL,2.0,1.0,16.0,,16.0
858,2022.0,1.0,,3.0,1.0,14.0,4.0,14.0
859,2022.0,1.0,ITAL,33.01,1.0,17.0,,
860,2022.0,1.0,JAPN,,2.0,27.0,,
861,2022.0,1.0,JWST,10.0,1.0,24.0,4.0,24.0
862,2022.0,1.0,JWST,,1.0,10.0,4.0,10.0
863,2022.0,,JWST,40.01,1.0,17.0,4.0,17.0
864,,,LACS,7.06,1.0,14.0,4.0,14.0
865,2022.0,1.0,LACS,22.11,1.0,17.0,3.6666666666666665,17.0
866,2022.0,,LACS,25.12,1.0,14.0,4.0,14.0
867,2022.0,,LACS,,1.0,26.0,,26.0
868,,1.0,LACS,30.12,1.0,15.0,3.6666666666666665,15.0
869,2022.0,1.0,LACS,50.07,1.0,20.0,3.5,20.0
870,2022.0,1.0,LACS,80.02,1.0,11.0,3.666666666666666,11.0
871,2022.0,1.0,,1.0,1.0,21.0,4.0,21.0
872,2022.0,1.0,LAT,2.0,3.0,,3.894444444444445,20.0
873,2022.0,1.0,LAT,10.0,1.0,16.0,4.0,16.0
874,,1.0,LAT,29.0,1.0,10.0,3.6666666666666665,
875,2022.0,1.0,LATS,44.0,1.0,31.0,3.6666666666666665,31.0
876,2022.0,1.0,LING,1.0,2.0,68.0,3.475490196078431,34.0
877,2022.0,1.0,LING,27.0,,,3.6666666666666665,18.0
878,2022.0,1.0,LING,,1.0,,3.6666666666666665,13.0
879,2022.0,1.0,MALS,372.0,1.0,22.0,4.0,22.0
880,2022.0,1.0,MATH,3.0,3.0,246.0,4.0,82.0
881,2022.0,1.0,MATH,8.0,,237.0,3.0,79.0
882,2022.0,1.0,MATH,13.0,3.0,207.0,,69.0
883,2022.0,1.0,MATH,17.0,1.0,,3.6666666666666665,10.0
884,2022.0,1.0,MATH,23.0,2.0,66.0,3.6666666666666665,33.0
885,2022.0,1.0,MATH,28.0,1.0,,4.0,16.0
886,2022.0,1.0,MATH,32.0,1.0,23.0,4.0,23.0
887,2022.0,1.0,MATH,,1.0,17.0,,17.0
888,2022.0,,MATH,40.0,1.0,36.0,3.1666666666666665,36.0
889,2022.0,1.0,MATH,63.0,,11.0,3.666666666666666,11.0
890,2022.0,1.0,MATH,76.0,1.0,16.0,4.0,
891,2022.0,1.0,MATH,86.0,,16.0,4.0,16.0
892,2022.0,1.0,MES,1.01,1.0,151.0,3.6666666666666665,151.0
893,2022.0,1.0,MES,7.03,1.0,14.0,3.6666666666666665,14.0
894,2022.0,,MES,7.04,1.0,,3.6666666666666665,16.0
895,2022.0,,MES,12.04,1.0,15.0,3.6666666666666665,15.0
896,2022.0,1.0,MES,,1.0,17.0,4.0,17.0
897,2022.0,1.0,MES,,1.0,29.0,3.6666666666666665,29.0
898,2022.0,1.0,MES,,1.0,24.0,4.0,24.0
899,2022.0,1.0,MES,19.03,1.0,20.0,4.0,20.0
900,2022.0,1.0,MUS,1.0,,35.0,,
901,2022.0,1.0,MUS,2.0,1.0,35.0,4.0,35.0
902,2022.0,1.0,MUS,4.0,1.0,33.0,,33.0
903,2022.0,1.0,MUS,,1.0,65.0,,65.0
904,,1.0,MUS,22.0,1.0,18.0,,18.0
905,2022.0,1.0,MUS,25.0,1.0,,4.0,17.0
906,2022.0,1.0,,,1.0,14.0,4.0,14.0
907,2022.0,1.0,MUS,3.02,1.0,49.0,4.0,49.0
908,,1.0,MUS,3.05,,10.0,4.0,10.0
909,2022.0,1.0,MUS,32.0,1.0,15.0,4.0,15.0
910,2022.0,1.0,,37.0,1.0,15.0,4.0,15.0
911,,1.0,MUS,38.0,1.0,,,12.0
912,2022.0,1.0,,43.0,1.0,20.0,4.0,20.0
913,2022.0,1.0,MUS,56.03,1.0,11.0,4.0,11.0
914,2022.0,1.0,NAS,28.0,1.0,32.0,4.0,32.0
915,2022.0,,NAS,41.0,,19.0,4.0,19.0
916,2022.0,1.0,NAS,42.0,1.0,,4.0,18.0
917,2022.0,1.0,,56.0,1.0,,,
918,2022.0,1.0,NAS,81.03,1.0,14.0,3.6666666666666665,14.0
919,2022.0,1.0,PBPL,5.0,1.0,96.0,,96.0
920,2022.0,1.0,PBPL,26.0,,29.0,3.333333333333333,
921,2022.0,1.0,PBPL,,1.0,17.0,4.0,
922,2022.0,1.0,PBPL,82.08,1.0,12.0,4.0,
923,2022.0,1.0,PHIL,6.0,1.0,18.0,3.8333333333333335,
924,2022.0,1.0,PHIL,1.09,1.0,26.0,3.5,26.0
925,2022.0,1.0,PHIL,1.18,1.0,,4.0,29.0
926,2022.0,1.0,PHIL,13.0,1.0,23.0,4.0,23.0
927,2022.0,1.0,PHIL,25.0,1.0,30.0,,30.0
928,2022.0,1.0,PHIL,27.0,1.0,21.0,3.6666666666666665,21.0
929,2022.0,1.0,PHIL,28.0,1.0,23.0,3.6666666666666665,23.0
930,2022.0,1.0,PHIL,7.01,1.0,16.0,4.0,16.0
931,2022.0,1.0,PHIL,16.03,,22.0,3.833333333333334,
932,2022.0,1.0,,50.32,1.0,27.0,4.0,27.0
933,,1.0,PHIL,,1.0,15.0,3.6666666666666665,15.0
934,2022.0,1.0,PHYS,3.0,1.0,53.0,4.0,53.0
935,2022.0,1.0,PHYS,4.0,1.0,37.0,3.6666666666666665,37.0
936,2022.0,1.0,PHYS,5.0,1.0,,3.333333333333333,14.0
937,2022.0,1.0,PHYS,13.0,2.0,164.0,3.666666666666666,82.0
938,2022.0,1.0,PHYS,14.0,1.0,61.0,3.333333333333333,61.0
939,2022.0,1.0,PHYS,15.0,1.0,11.0,4.0,11.0
940,2022.0,1.0,PHYS,16.0,1.0,21.0,,21.0
941,2022.0,1.0,,,,10.0,3.333333333333333,
942,2022.0,1.0,PHYS,41.0,1.0,17.0,3.6666666666666665,17.0
943,2022.0,1.0,PHYS,48.0,1.0,21.0,3.6666666666666665,21.0
944,2022.0,1.0,,,,15.0,4.0,15.0
945,2022.0,1.0,PSYC,6.0,1.0,63.0,3.6666666666666665,63.0
946,2022.0,1.0,PSYC,10.0,,50.0,,50.0
947,2022.0,1.0,PSYC,23.0,1.0,107.0,3.6666666666666665,107.0
948,2022.0,1.0,,37.0,1.0,27.0,3.6666666666666665,27.0
949,,1.0,PSYC,38.0,1.0,30.0,3.6666666666666665,30.0
950,2022.0,,PSYC,60.0,1.0,13.0,4.0,13.0
951,2022.0,,PSYC,63.0,1.0,12.0,4.0,12.0
952,2022.0,,PSYC,7.03,,32.0,4.0,16.0
953,2022.0,1.0,PSYC,50.01,1.0,33.0,3.6666666666666665,33.0
954,2022.0,1.0,PSYC,50.07,1.0,13.0,4.0,13.0
955,2022.0,1.0,PSYC,51.02,1.0,,3.666666666666666,11.0
956,2022.0,1.0,PSYC,51.12,1.0,23.0,3.6666666666666665,23.0
957,2022.0,1.0,PSYC,,,29.0,3.6666666666666665,29.0
958,2022.0,1.0,PSYC,54.02,1.0,35.0,4.0,35.0
959,2022.0,1.0,PSYC,80.02,1.0,11.0,3.666666666666666,11.0
960,2022.0,1.0,QSS,20.0,2.0,,4.0,27.5
961,2022.0,1.0,QSS,82.0,2.0,37.0,3.6666666666666665,18.5
962,2022.0,1.0,QSS,88.0,1.0,12.0,4.0,12.0
963,,1.0,QSS,30.01,1.0,29.0,3.333333333333333,29.0
964,2022.0,1.0,QSS,30.19,1.0,12.0,,12.0
965,,1.0,QSS,30.21,,19.0,4.0,19.0
966,2022.0,1.0,,1.08,1.0,29.0,3.6666666666666665,29.0
967,2022.0,1.0,REL,14.0,1.0,52.0,3.0,52.0
968,2022.0,1.0,REL,2.01,1.0,58.0,4.0,
969,2022.0,1.0,REL,22.0,1.0,10.0,4.0,
970,2022.0,1.0,REL,34.0,1.0,29.0,4.0,29.0
971,2022.0,1.0,REL,61.0,1.0,22.0,4.0,22.0
972,2022.0,1.0,REL,7.08,1.0,16.0,3.333333333333333,16.0
973,2022.0,1.0,REL,11.01,1.0,29.0,3.6666666666666665,29.0
974,2022.0,1.0,REL,20.07,1.0,20.0,3.6666666666666665,20.0
975,2022.0,1.0,REL,,1.0,17.0,4.0,17.0
976,,,REL,41.06,1.0,29.0,4.0,29.0
977,2022.0,1.0,REL,74.17,1.0,16.0,3.6666666666666665,16.0
978,2022.0,1.0,,,1.0,14.0,4.0,14.0
979,2022.0,,RUSS,15.0,1.0,16.0,4.0,16.0
980,2022.0,1.0,RUSS,,1.0,20.0,4.0,20.0
981,,1.0,,36.0,,24.0,,24.0
982,,1.0,RUSS,7.01,1.0,16.0,3.6666666666666665,16.0
983,2022.0,1.0,RUSS,38.17,1.0,23.0,,23.0
984,2022.0,,SART,15.0,3.0,43.0,4.0,14.333333333333334
985,2022.0,1.0,SART,22.0,1.0,15.0,,15.0
986,2022.0,1.0,SART,23.0,1.0,11.0,4.0,11.0
987,2022.0,1.0,SART,25.0,2.0,25.0,4.0,12.5
988,2022.0,1.0,SART,29.0,1.0,11.0,4.0,11.0
989,2022.0,,SART,65.0,1.0,10.0,4.0,10.0
990,2022.0,,SOCY,2.0,,49.0,4.0,49.0
991,2022.0,1.0,SOCY,10.0,1.0,28.0,3.6666666666666665,28.0
992,2022.0,1.0,SOCY,11.0,1.0,25.0,4.0,25.0
993,2022.0,1.0,SOCY,16.0,,25.0,4.0,25.0
994,2022.0,1.0,SOCY,31.0,1.0,35.0,3.666666666666666,35.0
995,2022.0,1.0,SOCY,34.0,,69.0,4.0,69.0
996,2022.0,1.0,SOCY,58.0,1.0,23.0,3.6666666666666665,23.0
997,2022.0,1.0,SOCY,7.01,1.0,16.0,3.6666666666666665,16.0
998,2022.0,1.0,SOCY,7.07,1.0,16.0,4.0,16.0
999,2022.0,1.0,SOCY,70.0,1.0,14.0,,14.0
1000,2022.0,1.0,SOCY,71.0,1.0,16.0,4.0,16.0
1001,,1.0,SOCY,,,20.0,4.0,20.0
1002,2022.0,1.0,SPAN,1.0,3.0,117.0,3.6666666666666665,39.0
1003,2022.0,1.0,SPAN,2.0,8.0,880.0,3.666666666666667,110.0
1004,2022.0,1.0,SPAN,3.0,6.0,372.0,3.666666666666666,62.0
1005,2022.0,1.0,SPAN,5.0,1.0,17.0,3.6666666666666665,17.0
1006,2022.0,1.0,SPAN,6.0,1.0,17.0,,17.0
1007,,1.0,SPAN,9.0,2.0,32.0,4.0,16.0
1008,2022.0,1.0,SPAN,20.0,2.0,26.0,4.0,13.0
1009,,1.0,SPAN,21.0,1.0,14.0,4.0,14.0
1010,,1.0,SPAN,24.0,1.0,,3.5,18.0
1011,2022.0,1.0,SPAN,31.0,,44.0,4.0,22.0
1012,2022.0,1.0,SPAN,,1.0,14.0,4.0,14.0
1013,2022.0,1.0,SPAN,,1.0,18.0,,
1014,2022.0,1.0,SPAN,36.0,1.0,18.0,4.0,
1015,2022.0,1.0,SPAN,7.09,1.0,,4.0,16.0
1016,2022.0,1.0,SPAN,53.01,1.0,11.0,4.0,11.0
1017,2022.0,1.0,SPAN,55.06,1.0,12.0,4.0,12.0
1018,2022.0,1.0,,63.1,1.0,14.0,4.0,14.0
1019,2022.0,1.0,SPAN,80.22,1.0,11.0,4.0,11.0
1020,2022.0,1.0,,,1.0,13.0,4.0,13.0
1021,2022.0,1.0,SPEE,40.0,1.0,,4.0,11.0
1022,2022.0,1.0,SPEE,20.01,1.0,14.0,4.0,14.0
1023,2022.0,1.0,THEA,16.0,1.0,14.0,4.0,14.0
1024,2022.0,1.0,THEA,,2.0,,4.0,16.0
1025,2022.0,1.0,THEA,31.0,1.0,11.0,4.0,11.0
1026,2022.0,1.0,THEA,40.0,1.0,15.0,4.0,15.0
1027,2022.0,1.0,THEA,44.0,1.0,11.0,4.0,11.0
1028,2022.0,1.0,THEA,50.0,1.0,,4.0,10.0
1029,2022.0,1.0,THEA,10.64,1.0,18.0,4.0,18.0
1030,2022.0,1.0,THEA,10.68,1.0,14.0,4.0,14.0
1031,2022.0,1.0,TUCK,1.0,2.0,256.0,,128.0
1032,,1.0,WGSS,,1.0,21.0,,21.0
1033,2022.0,1.0,WGSS,15.0,,21.0,4.0,21.0
1034,2022.0,1.0,WGSS,7.04,1.0,,4.0,16.0
1035,2022.0,,WGSS,24.01,1.0,20.0,4.0,
1036,2022.0,1.0,WGSS,40.01,1.0,18.0,4.0,18.0
1037,2022.0,1.0,WGSS,40.05,1.0,17.0,4.0,17.0
1038,2022.0,1.0,WGSS,52.04,,15.0,3.6666666666666665,15.0
1039,2022.0,1.0,WGSS,56.03,,,4.0,14.0
1040,2022.0,1.0,WGSS,57.01,,12.0,4.0,12.0
1041,2022.0,,,66.02,1.0,19.0,4.0,19.0
1042,2022.0,1.0,,66.04,,16.0,,16.0
1043,2022.0,1.0,WGSS,66.08,1.0,16.0,4.0,16.0
1044,2022.0,1.0,WGSS,66.15,,18.0,4.0,18.0
1045,2022.0,1.0,WRIT,3.0,10.0,139.0,,13.9
1046,2022.0,1.0,WRIT,5.0,31.0,,3.910836762688615,15.67741935483871
1047,2022.0,2.0,AAAS,10.0,1.0,18.0,4.0,18.0
1048,2022.0,2.0,AAAS,24.0,,,,12.0
1049,2022.0,2.0,AAAS,62.0,1.0,15.0,3.333333333333333,15.0
1050,,2.0,AAAS,21.05,1.0,,4.0,18.0
1051,2022.0,2.0,,32.05,1.0,19.0,4.0,19.0
1052,2022.0,2.0,AAAS,35.01,1.0,10.0,,10.0
1053,2022.0,2.0,AAAS,55.02,1.0,18.0,4.0,18.0
1054,2022.0,,,67.06,1.0,10.0,4.0,10.0
1055,,2.0,AAAS,80.1,1.0,17.0,4.0,17.0
1056,2022.0,2.0,AAAS,85.01,,11.0,3.666666666666666,
1057,2022.0,2.0,AAAS,87.12,1.0,29.0,3.6666666666666665,29.0
1058,2022.0,2.0,,88.08,1.0,28.0,4.0,28.0
1059,2022.0,,AAAS,88.12,1.0,10.0,4.0,10.0
1060,2022.0,2.0,ANTH,5.0,1.0,29.0,4.0,29.0
1061,2022.0,2.0,ANTH,9.0,1.0,51.0,4.0,51.0
1062,2022.0,2.0,ANTH,20.0,1.0,,4.0,
1063,2022.0,2.0,ANTH,27.0,1.0,23.0,3.6666666666666665,23.0
1064,2022.0,,ANTH,28.0,1.0,28.0,4.0,28.0
1065,2022.0,2.0,ANTH,43.0,1.0,23.0,3.6666666666666665,23.0
1066,2022.0,2.0,ANTH,44.0,1.0,24.0,4.0,24.0
1067,2022.0,2.0,,55.0,1.0,30.0,4.0,30.0
1068,,2.0,ANTH,74.0,1.0,16.0,4.0,16.0
1069,2022.0,2.0,ANTH,12.01,1.0,26.0,3.6666666666666665,
1070,2022.0,2.0,ANTH,12.24,1.0,,,
1071,2022.0,2.0,ANTH,50.47,1.0,16.0,3.6666666666666665,16.0
1072,2022.0,2.0,,50.48,1.0,27.0,4.0,27.0
1073,2022.0,2.0,ANTH,50.5,1.0,31.0,4.0,31.0
1074,2022.0,2.0,,7.02,1.0,16.0,4.0,
1075,2022.0,2.0,ARTH,10.01,1.0,24.0,3.6666666666666665,24.0
1076,2022.0,2.0,ARTH,18.01,1.0,16.0,3.6666666666666665,16.0
1077,2022.0,2.0,ARTH,26.01,1.0,10.0,4.0,10.0
1078,2022.0,2.0,ARTH,26.02,1.0,10.0,4.0,10.0
1079,2022.0,2.0,ARTH,,1.0,10.0,4.0,10.0
1080,2022.0,2.0,ARTH,28.05,1.0,13.0,4.0,13.0
1081,2022.0,2.0,ARTH,62.3,1.0,12.0,4.0,12.0
1082,2022.0,,,10.01,1.0,47.0,4.0,47.0
1083,2022.0,2.0,ASCL,10.03,1.0,31.0,,31.0
1084,,2.0,ASCL,51.06,1.0,27.0,4.0,27.0
1085,2022.0,2.0,ASCL,54.08,1.0,12.0,4.0,12.0
1086,2022.0,2.0,ASCL,60.2,1.0,36.0,3.6666666666666665,
1087,2022.0,2.0,ASCL,61.07,1.0,56.0,3.6666666666666665,56.0
1088,2022.0,2.0,ASCL,,1.0,14.0,4.0,
1089,2022.0,2.0,ASCL,62.06,1.0,30.0,4.0,30.0
1090,2022.0,2.0,ASCL,62.12,,12.0,4.0,12.0
1091,2022.0,2.0,ASCL,64.09,1.0,14.0,4.0,14.0
1092,2022.0,2.0,ASCL,64.11,1.0,36.0,3.6666666666666665,
1093,2022.0,,ASTR,1.0,1.0,41.0,3.333333333333334,41.0
1094,,2.0,ASTR,15.0,1.0,18.0,3.6666666666666665,18.0
1095,2022.0,2.0,,19.0,1.0,28.0,3.333333333333333,28.0
1096,2022.0,2.0,BIOL,12.0,2.0,77.0,3.0,38.5
1097,2022.0,2.0,BIOL,16.0,1.0,29.0,,29.0
1098,2022.0,2.0,BIOL,37.0,1.0,33.0,3.333333333333333,33.0
1099,2022.0,2.0,BIOL,46.0,1.0,19.0,3.333333333333333,19.0
1100,2022.0,2.0,BIOL,63.0,1.0,20.0,4.0,20.0
1101,2022.0,2.0,BIOL,,1.0,19.0,4.0,19.0
1102,2022.0,2.0,BIOL,69.0,1.0,24.0,4.0,24.0
1103,2022.0,2.0,BIOL,7.02,1.0,16.0,4.0,16.0
1104,2022.0,2.0,BIOL,71.0,1.0,18.0,4.0,18.0
1105,2022.0,2.0,BIOL,11.08,1.0,16.0,,16.0
1106,2022.0,2.0,BIOL,50.02,1.0,10.0,3.6666666666666665,10.0
1107,2022.0,2.0,CHEM,6.0,2.0,165.0,3.333333333333333,82.5
1108,,2.0,CHEM,,1.0,49.0,3.6666666666666665,49.0
1109,,2.0,CHEM,51.0,1.0,52.0,3.333333333333333,52.0
1110,,2.0,CHEM,58.0,1.0,10.0,3.5,10.0
1111,2022.0,2.0,CHIN,3.0,1.0,13.0,4.0,13.0
1112,2022.0,2.0,CHIN,23.0,1.0,16.0,4.0,16.0
1113,2022.0,2.0,CLST,3.0,1.0,24.0,4.0,24.0
1114,2022.0,2.0,CLST,14.0,1.0,16.0,4.0,16.0
1115,2022.0,2.0,,31.0,1.0,18.0,3.5,18.0
1116,2022.0,2.0,CLST,11.13,1.0,15.0,3.6666666666666665,15.0
1117,2022.0,2.0,,30.01,1.0,,3.6666666666666665,
1118,2022.0,2.0,CLST,30.02,,18.0,3.6666666666666665,18.0
1119,2022.0,2.0,COCO,21.0,1.0,25.0,4.0,
1120,2022.0,2.0,COCO,23.0,1.0,30.0,4.0,30.0
1121,2022.0,2.0,,38.0,,27.0,3.6666666666666665,27.0
1122,2022.0,2.0,COGS,1.0,1.0,,3.5,38.0
1123,2022.0,,COGS,2.0,,95.0,4.0,95.0
1124,2022.0,2.0,COGS,81.0,1.0,12.0,,12.0
1125,2022.0,2.0,COLT,7.09,,16.0,4.0,16.0
1126,,,,10.24,1.0,16.0,4.0,16.0
1127,2022.0,2.0,COLT,49.07,1.0,22.0,3.666666666666666,22.0
1128,2022.0,2.0,COLT,53.01,1.0,139.0,4.0,139.0
1129,2022.0,2.0,COLT,57.12,1.0,26.0,4.0,26.0
1130,2022.0,2.0,COLT,63.02,1.0,31.0,3.333333333333333,31.0
1131,2022.0,2.0,COLT,63.03,1.0,15.0,4.0,15.0
1132,2022.0,2.0,,70.05,1.0,25.0,4.0,
1133,2022.0,,COSC,1.0,3.0,145.0,4.0,48.333333333333336
1134,2022.0,2.0,COSC,,1.0,35.0,4.0,35.0
1135,2022.0,2.0,COSC,10.0,1.0,,3.666666666666666,100.0
1136,2022.0,2.0,COSC,22.0,1.0,25.0,4.0,25.0
1137,2022.0,,COSC,27.0,1.0,20.0,4.0,20.0
1138,2022.0,2.0,COSC,30.0,,38.0,3.333333333333333,38.0
1139,,,COSC,31.0,1.0,54.0,3.333333333333333,54.0
1140,2022.0,2.0,COSC,50.0,1.0,73.0,4.0,
1141,2022.0,2.0,COSC,51.0,1.0,55.0,3.6666666666666665,55.0
1142,2022.0,2.0,COSC,52.0,,,4.0,49.0
1143,,2.0,COSC,56.0,1.0,45.0,3.6666666666666665,45.0
1144,2022.0,,,57.0,1.0,32.0,4.0,32.0
1145,2022.0,2.0,,70.0,1.0,,4.0,58.0
1146,2022.0,2.0,COSC,72.0,2.0,80.0,,40.0
1147,2022.0,2.0,COSC,74.0,2.0,98.0,4.0,49.0
1148,2022.0,2.0,COSC,77.0,1.0,17.0,3.333333333333333,17.0
1149,2022.0,2.0,COSC,25.01,1.0,31.0,4.0,31.0
1150,2022.0,2.0,,49.01,1.0,16.0,3.6666666666666665,16.0
1151,2022.0,2.0,COSC,89.11,1.0,53.0,4.0,
1152,,2.0,,89.2,1.0,12.0,4.0,12.0
1153,2022.0,2.0,COSC,98.02,,38.0,,38.0
1154,2022.0,2.0,COSC,99.02,1.0,16.0,4.0,16.0
1155,2022.0,2.0,CRWT,10.0,2.0,,4.0,11.5
1156,2022.0,2.0,CRWT,12.0,1.0,13.0,4.0,13.0
1157,2022.0,2.0,CRWT,22.0,1.0,12.0,4.0,12.0
1158,2022.0,2.0,CRWT,99.0,1.0,11.0,4.0,11.0
1159,2022.0,2.0,CRWT,40.03,1.0,16.0,4.0,16.0
1160,2022.0,2.0,CRWT,40.06,1.0,16.0,4.0,16.0
1161,2022.0,2.0,CRWT,40.14,1.0,10.0,,10.0
1162,2022.0,2.0,CRWT,41.01,1.0,13.0,4.0,13.0
1163,2022.0,2.0,EARS,1.0,1.0,48.0,3.6666666666666665,48.0
1164,2022.0,2.0,EARS,3.0,1.0,16.0,3.8333333333333335,16.0
1165,,2.0,EARS,19.0,1.0,28.0,3.333333333333333,28.0
1166,2022.0,2.0,EARS,45.0,1.0,18.0,3.6666666666666665,18.0
1167,2022.0,2.0,EARS,46.0,1.0,,3.6666666666666665,18.0
1168,2022.0,2.0,EARS,47.0,1.0,,3.6666666666666665,18.0
1169,2022.0,2.0,EARS,6.05,1.0,17.0,4.0,17.0
1170,2022.0,2.0,EARS,70.0,1.0,16.0,4.0,16.0
1171,2022.0,2.0,,71.0,1.0,12.0,4.0,12.0
1172,2022.0,2.0,ECON,1.0,4.0,256.0,3.333333333333334,
1173,2022.0,2.0,ECON,2.0,,44.0,4.0,44.0
1174,2022.0,2.0,ECON,10.0,2.0,84.0,3.333333333333333,
1175,2022.0,2.0,,16.0,1.0,10.0,3.6666666666666665,10.0
1176,2022.0,2.0,ECON,20.0,2.0,110.0,3.6666666666666665,55.0
1177,2022.0,,ECON,21.0,2.0,,3.333333333333333,
1178,2022.0,2.0,ECON,22.0,2.0,134.0,3.333333333333333,67.0
1179,2022.0,2.0,ECON,26.0,2.0,100.0,,50.0
1180,2022.0,2.0,ECON,28.0,2.0,132.0,3.333333333333333,66.0
1181,,2.0,ECON,29.0,2.0,26.0,3.333333333333333,13.0
1182,2022.0,2.0,ECON,36.0,1.0,26.0,3.5,26.0
1183,2022.0,2.0,ECON,,2.0,136.0,3.6666666666666665,68.0
1184,2022.0,2.0,ECON,39.0,2.0,136.0,3.6666666666666665,68.0
1185,2022.0,2.0,ECON,64.0,2.0,36.0,3.6666666666666665,18.0
1186,2022.0,2.0,,65.0,2.0,,3.8333333333333335,18.0
1187,2022.0,2.0,ECON,66.0,2.0,46.0,3.6666666666666665,23.0
1188,2022.0,2.0,ECON,69.0,2.0,30.0,3.6666666666666665,15.0
1189,,2.0,ECON,81.0,1.0,11.0,4.0,11.0
1190,2022.0,2.0,ECON,87.01,1.0,14.0,4.0,
1191,2022.0,2.0,EDUC,19.0,1.0,20.0,3.6666666666666665,20.0
1192,2022.0,,EDUC,,1.0,30.0,3.333333333333333,30.0
1193,2022.0,2.0,,3.0,1.0,28.0,3.6666666666666665,28.0
1194,2022.0,2.0,ENGL,6.0,1.0,12.0,4.0,12.0
1195,2022.0,,ENGL,17.0,1.0,44.0,4.0,
1196,2022.0,2.0,ENGL,22.0,1.0,15.0,4.0,15.0
1197,2022.0,,ENGL,32.0,1.0,44.0,3.666666666666666,44.0
1198,2022.0,2.0,ENGL,34.0,1.0,108.0,4.0,108.0
1199,2022.0,2.0,ENGL,7.43,1.0,15.0,3.6666666666666665,15.0
1200,2022.0,,ENGL,,1.0,,4.0,16.0
1201,2022.0,2.0,ENGL,,1.0,15.0,4.0,15.0
1202,,2.0,ENGL,7.58,2.0,29.0,3.827586206896552,14.5
1203,2022.0,2.0,ENGL,53.35,1.0,10.0,4.0,10.0
1204,2022.0,,ENGL,53.4,1.0,17.0,4.0,17.0
1205,2022.0,,ENGL,53.47,,10.0,4.0,10.0
1206,,2.0,ENGL,54.03,1.0,30.0,3.6666666666666665,30.0
1207,,2.0,ENGL,55.13,1.0,11.0,3.666666666666666,11.0
1208,2022.0,,ENGL,61.03,1.0,20.0,4.0,20.0
1209,2022.0,2.0,,63.1,1.0,18.0,4.0,18.0
1210,,2.0,ENGL,,1.0,17.0,,17.0
1211,2022.0,2.0,,65.01,,,4.0,16.0
1212,2022.0,2.0,ENGL,73.03,1.0,10.0,,10.0
1213,2022.0,2.0,ENGS,5.0,,42.0,3.6666666666666665,42.0
1214,2022.0,2.0,,12.0,3.0,54.0,4.0,18.0
1215,2022.0,2.0,ENGS,,2.0,62.0,4.0,31.0
1216,2022.0,2.0,ENGS,21.0,1.0,49.0,4.0,49.0
1217,2022.0,2.0,ENGS,22.0,1.0,,3.666666666666666,22.0
1218,2022.0,2.0,ENGS,23.0,1.0,27.0,4.0,27.0
1219,2022.0,2.0,ENGS,24.0,1.0,39.0,4.0,39.0
1220,2022.0,2.0,ENGS,,1.0,37.0,3.333333333333333,37.0
1221,2022.0,2.0,ENGS,26.0,1.0,17.0,3.6666666666666665,17.0
1222,2022.0,2.0,ENGS,31.0,1.0,45.0,3.6666666666666665,45.0
1223,2022.0,2.0,ENGS,34.0,1.0,18.0,4.0,18.0
1224,2022.0,2.0,ENGS,37.0,1.0,17.0,,17.0
1225,2022.0,2.0,ENGS,,1.0,23.0,4.0,23.0
1226,2022.0,,ENGS,45.0,1.0,16.0,3.6666666666666665,16.0
1227,2022.0,2.0,ENGS,50.0,1.0,73.0,4.0,73.0
1228,2022.0,2.0,ENGS,56.0,1.0,19.0,3.666666666666666,19.0
1229,,2.0,ENGS,61.0,1.0,14.0,3.5,14.0
1230,2022.0,2.0,ENGS,66.0,1.0,38.0,3.333333333333333,38.0
1231,2022.0,2.0,ENGS,71.0,,22.0,,22.0
1232,2022.0,2.0,,146.0,1.0,18.0,3.8333333333333335,18.0
1233,2022.0,2.0,ENGS,15.02,1.0,18.0,4.0,
1234,2022.0,2.0,ENGS,19.01,1.0,16.0,4.0,
1235,2022.0,,ENVS,14.0,1.0,25.0,4.0,25.0
1236,2022.0,2.0,ENVS,15.0,1.0,36.0,4.0,36.0
1237,2022.0,2.0,ENVS,18.0,1.0,17.0,4.0,17.0
1238,2022.0,,ENVS,20.0,1.0,34.0,3.333333333333333,
1239,2022.0,2.0,,26.0,1.0,20.0,3.6666666666666665,20.0
1240,,2.0,ENVS,28.0,1.0,24.0,3.333333333333333,24.0
1241,2022.0,2.0,,50.0,1.0,24.0,4.0,24.0
1242,2022.0,2.0,,55.0,1.0,39.0,3.6666666666666665,39.0
1243,2022.0,,ENVS,7.15,2.0,31.0,4.0,15.5
1244,2022.0,2.0,ENVS,7.17,1.0,14.0,3.6666666666666665,14.0
1245,2022.0,2.0,ENVS,85.0,1.0,14.0,,14.0
1246,2022.0,2.0,FILM,20.0,1.0,28.0,3.6666666666666665,28.0
1247,2022.0,2.0,FILM,34.0,1.0,11.0,4.0,11.0
1248,2022.0,2.0,FILM,,,11.0,3.666666666666666,11.0
1249,2022.0,2.0,FILM,7.2,1.0,16.0,4.0,16.0
1250,,,FILM,41.04,1.0,26.0,3.6666666666666665,26.0
1251,,,FILM,42.16,1.0,19.0,4.0,19.0
1252,2022.0,2.0,FILM,42.2,1.0,12.0,3.8333333333333335,12.0
1253,2022.0,2.0,FILM,44.04,1.0,13.0,4.0,13.0
1254,2022.0,2.0,FILM,44.06,1.0,10.0,3.6666666666666665,10.0
1255,2022.0,2.0,FILM,44.1,1.0,13.0,4.0,13.0
1256,2022.0,2.0,FILM,,1.0,18.0,4.0,18.0
1257,2022.0,2.0,FILM,,1.0,12.0,,
1258,2022.0,2.0,FILM,,1.0,18.0,3.5,18.0
1259,2022.0,2.0,FILM,48.02,1.0,11.0,4.0,11.0
1260,2022.0,2.0,FREN,1.0,1.0,10.0,4.0,10.0
1261,2022.0,2.0,FREN,3.0,3.0,40.0,3.6666666666666665,13.333333333333334
1262,,,FREN,8.0,,31.0,3.817204301075269,15.5
1263,2022.0,2.0,FREN,21.0,1.0,10.0,4.0,10.0
1264,2022.0,,GEOG,1.02,1.0,23.0,3.333333333333333,23.0
1265,2022.0,2.0,GEOG,27.0,1.0,18.0,4.0,
1266,2022.0,2.0,GEOG,28.0,1.0,21.0,,21.0
1267,2022.0,2.0,GEOG,43.0,1.0,18.0,3.6666666666666665,18.0
1268,2022.0,2.0,GEOG,55.0,1.0,16.0,4.0,
1269,2022.0,2.0,GEOG,7.19,,16.0,4.0,
1270,2022.0,2.0,GEOG,8.01,1.0,21.0,3.6666666666666665,
1271,2022.0,2.0,GEOG,86.0,1.0,12.0,3.6666666666666665,12.0
1272,2022.0,2.0,GEOG,9.01,1.0,22.0,3.5,22.0
1273,2022.0,,GEOG,21.01,1.0,23.0,3.6666666666666665,23.0
1274,2022.0,2.0,GEOG,30.02,1.0,17.0,3.6666666666666665,17.0
1275,2022.0,2.0,GEOG,36.01,1.0,12.0,3.6666666666666665,12.0
1276,2022.0,2.0,GEOG,37.01,1.0,12.0,3.8333333333333335,
1277,2022.0,2.0,GEOG,40.04,1.0,,,27.0
1278,2022.0,2.0,GEOG,62.01,1.0,12.0,4.0,12.0
1279,,2.0,GEOG,80.1,1.0,14.0,4.0,14.0
1280,2022.0,2.0,GERM,2.0,1.0,18.0,3.6666666666666665,18.0
1281,2022.0,2.0,GERM,,1.0,23.0,4.0,23.0
1282,2022.0,,GERM,14.0,1.0,233.0,4.0,233.0
1283,2022.0,2.0,GERM,7.07,1.0,,4.0,16.0
1284,2022.0,2.0,GERM,43.04,1.0,12.0,3.8333333333333335,12.0
1285,2022.0,2.0,GERM,44.07,1.0,10.0,3.6666666666666665,10.0
1286,2022.0,2.0,GERM,46.04,1.0,,4.0,15.0
1287,2022.0,2.0,GOVT,4.0,,39.0,3.333333333333333,
1288,2022.0,2.0,GOVT,5.0,3.0,57.0,3.4152046783625734,19.0
1289,2022.0,2.0,GOVT,,1.0,28.0,3.333333333333333,
1290,2022.0,2.0,GOVT,10.0,1.0,26.0,,26.0
1291,2022.0,2.0,GOVT,16.0,2.0,48.0,3.333333333333333,24.0
1292,,2.0,GOVT,52.0,1.0,32.0,,32.0
1293,2022.0,2.0,GOVT,53.0,1.0,29.0,3.333333333333333,29.0
1294,2022.0,2.0,GOVT,69.0,1.0,42.0,3.6666666666666665,42.0
1295,2022.0,2.0,GOVT,7.03,1.0,15.0,3.6666666666666665,15.0
1296,2022.0,2.0,GOVT,94.0,1.0,11.0,3.666666666666666,11.0
1297,2022.0,2.0,GOVT,95.0,1.0,11.0,4.0,11.0
1298,2022.0,2.0,GOVT,,1.0,32.0,3.6666666666666665,32.0
1299,2022.0,2.0,GOVT,20.1,,30.0,3.6666666666666665,30.0
1300,2022.0,,GOVT,30.04,1.0,19.0,3.333333333333333,19.0
1301,,2.0,GOVT,30.09,1.0,,,
1302,2022.0,2.0,GOVT,40.15,1.0,32.0,3.333333333333333,32.0
1303,2022.0,2.0,GOVT,40.23,1.0,22.0,3.333333333333334,22.0
1304,2022.0,2.0,GOVT,50.03,1.0,26.0,,26.0
1305,,2.0,GOVT,60.17,1.0,15.0,4.0,15.0
1306,2022.0,2.0,GOVT,,1.0,,3.333333333333333,27.0
1307,2022.0,2.0,GOVT,83.21,1.0,,3.6666666666666665,14.0
1308,2022.0,2.0,GOVT,83.24,1.0,17.0,3.6666666666666665,17.0
1309,2022.0,2.0,GOVT,84.26,1.0,17.0,3.6666666666666665,17.0
1310,2022.0,2.0,GOVT,,1.0,16.0,3.6666666666666665,16.0
1311,2022.0,2.0,GOVT,85.4,1.0,16.0,3.6666666666666665,16.0
1312,2022.0,2.0,,85.44,1.0,15.0,3.6666666666666665,15.0
1313,2022.0,2.0,GOVT,86.27,1.0,16.0,3.6666666666666665,16.0
1314,2022.0,2.0,GOVT,86.43,1.0,15.0,4.0,15.0
1315,2022.0,2.0,GRK,,,10.0,4.0,10.0
1316,2022.0,2.0,GRK,3.02,,10.0,4.0,10.0
1317,2022.0,2.0,HIST,15.0,1.0,15.0,3.6666666666666665,15.0
1318,2022.0,2.0,HIST,,1.0,31.0,3.6666666666666665,31.0
1319,2022.0,2.0,HIST,28.0,1.0,14.0,3.6666666666666665,14.0
1320,2022.0,,HIST,3.03,1.0,13.0,3.6666666666666665,13.0
1321,2022.0,2.0,HIST,37.0,1.0,12.0,3.8333333333333335,12.0
1322,,2.0,HIST,39.0,1.0,,3.6666666666666665,16.0
1323,2022.0,2.0,HIST,,1.0,30.0,,30.0
1324,2022.0,2.0,HIST,5.05,1.0,36.0,3.6666666666666665,36.0
1325,2022.0,2.0,HIST,50.0,1.0,14.0,3.333333333333333,
1326,2022.0,2.0,HIST,56.0,1.0,21.0,3.6666666666666665,21.0
1327,,2.0,HIST,7.19,1.0,13.0,4.0,13.0
1328,,2.0,,7.27,,16.0,4.0,16.0
1329,2022.0,2.0,HIST,7.35,,,4.0,
1330,2022.0,2.0,HIST,72.0,1.0,14.0,4.0,14.0
1331,2022.0,,HIST,,1.0,12.0,4.0,12.0
1332,,2.0,HIST,8.06,1.0,28.0,4.0,28.0
1333,2022.0,2.0,HIST,31.02,,32.0,,
1334,2022.0,,HIST,31.03,1.0,25.0,4.0,25.0
1335,2022.0,2.0,HIST,40.02,1.0,12.0,4.0,12.0
1336,2022.0,2.0,HIST,63.02,1.0,12.0,4.0,12.0
1337,2022.0,2.0,HIST,82.01,,23.0,4.0,23.0
1338,2022.0,2.0,HIST,92.02,1.0,15.0,3.333333333333333,15.0
1339,2022.0,2.0,HIST,96.28,1.0,12.0,4.0,12.0
1340,2022.0,2.0,HIST,,,12.0,3.6666666666666665,12.0
1341,2022.0,2.0,,3.07,1.0,,4.0,15.0
1342,2022.0,2.0,INTS,15.0,1.0,28.0,3.6666666666666665,28.0
1343,2022.0,2.0,INTS,16.0,1.0,21.0,3.6666666666666665,
1344,2022.0,2.0,,18.0,,23.0,3.6666666666666665,23.0
1345,,2.0,ITAL,,1.0,13.0,4.0,13.0
1346,2022.0,2.0,ITAL,2.0,1.0,18.0,4.0,18.0
1347,2022.0,2.0,ITAL,3.0,1.0,21.0,4.0,21.0
1348,,2.0,ITAL,8.0,1.0,12.0,4.0,12.0
1349,2022.0,2.0,ITAL,10.0,1.0,10.0,4.0,10.0
1350,2022.0,2.0,ITAL,12.0,1.0,10.0,4.0,10.0
1351,,,ITAL,7.08,1.0,16.0,4.0,16.0
1352,2022.0,2.0,,,1.0,26.0,4.0,26.0
1353,2022.0,,JAPN,3.0,1.0,19.0,4.0,19.0
1354,,2.0,JWST,53.0,1.0,34.0,4.0,34.0
1355,2022.0,2.0,LACS,1.0,1.0,25.0,4.0,25.0
1356,2022.0,2.0,LACS,9.0,,,4.0,22.0
1357,2022.0,2.0,LACS,31.0,,,4.0,23.0
1358,2022.0,,LACS,54.0,1.0,15.0,3.333333333333333,15.0
1359,2022.0,2.0,LACS,23.61,1.0,25.0,4.0,25.0
1360,2022.0,2.0,LACS,40.1,1.0,32.0,4.0,32.0
1361,2022.0,2.0,LACS,,1.0,32.0,3.333333333333333,32.0
1362,2022.0,,LAT,2.0,1.0,22.0,3.666666666666666,22.0
1363,2022.0,2.0,LAT,3.0,,,3.691176470588236,17.0
1364,2022.0,2.0,LATS,3.0,1.0,12.0,,12.0
1365,2022.0,2.0,LATS,8.0,1.0,28.0,4.0,28.0
1366,2022.0,2.0,LATS,37.0,1.0,21.0,4.0,21.0
1367,2022.0,2.0,LATS,40.0,1.0,21.0,3.333333333333333,21.0
1368,2022.0,2.0,LATS,45.0,1.0,20.0,3.8333333333333335,20.0
1369,,2.0,LING,1.0,1.0,12.0,2.833333333333333,12.0
1370,2022.0,2.0,LING,17.0,1.0,25.0,4.0,25.0
1371,2022.0,2.0,LING,20.0,1.0,27.0,4.0,27.0
1372,,2.0,LING,24.0,1.0,10.0,4.0,10.0
1373,2022.0,,LING,48.0,2.0,80.0,3.6666666666666665,40.0
1374,2022.0,2.0,LING,7.07,1.0,11.0,3.666666666666666,11.0
1375,2022.0,2.0,LING,11.13,1.0,30.0,4.0,30.0
1376,,2.0,LING,11.17,1.0,29.0,4.0,29.0
1377,2022.0,2.0,MATH,8.0,2.0,62.0,3.333333333333333,31.0
1378,2022.0,2.0,MATH,10.0,3.0,390.0,4.0,130.0
1379,2022.0,2.0,MATH,13.0,,198.0,3.6666666666666665,66.0
1380,2022.0,2.0,MATH,20.0,1.0,43.0,3.6666666666666665,43.0
1381,2022.0,2.0,MATH,22.0,3.0,324.0,4.0,108.0
1382,2022.0,2.0,MATH,23.0,2.0,46.0,3.6666666666666665,23.0
1383,2022.0,2.0,MATH,24.0,1.0,15.0,4.0,15.0
1384,2022.0,2.0,MATH,38.0,1.0,15.0,3.6666666666666665,15.0
1385,2022.0,2.0,MATH,46.0,1.0,16.0,3.1666666666666665,16.0
1386,2022.0,2.0,MATH,60.0,1.0,,4.0,23.0
1387,2022.0,2.0,MATH,70.0,1.0,10.0,3.6666666666666665,10.0
1388,2022.0,2.0,MATH,74.0,,10.0,4.0,10.0
1389,2022.0,2.0,MATH,75.0,1.0,13.0,4.0,13.0
1390,2022.0,2.0,MATH,87.0,1.0,10.0,4.0,10.0
1391,2022.0,,MATH,30.04,2.0,99.0,4.0,49.5
1392,2022.0,2.0,MES,1.0,2.0,113.0,3.831858407079646,56.5
1393,2022.0,2.0,MES,4.01,1.0,22.0,3.333333333333334,22.0
1394,2022.0,2.0,MES,7.01,1.0,,3.6666666666666665,15.0
1395,2022.0,2.0,MES,7.05,1.0,16.0,3.6666666666666665,16.0
1396,2022.0,2.0,MES,12.05,1.0,15.0,,15.0
1397,2022.0,2.0,MES,12.14,1.0,,4.0,15.0
1398,,2.0,MES,16.35,,139.0,4.0,139.0
1399,2022.0,2.0,MES,19.05,1.0,13.0,3.6666666666666665,13.0
1400,2022.0,2.0,MUS,1.0,,45.0,4.0,45.0
1401,2022.0,2.0,MUS,2.0,1.0,43.0,4.0,
1402,2022.0,,MUS,8.0,,35.0,4.0,35.0
1403,2022.0,2.0,MUS,3.06,1.0,27.0,4.0,27.0
1404,2022.0,2.0,MUS,,1.0,31.0,4.0,31.0
1405,2022.0,2.0,MUS,70.0,1.0,14.0,4.0,14.0
1406,2022.0,2.0,MUS,71.0,1.0,14.0,4.0,14.0
1407,2022.0,2.0,MUS,87.0,,14.0,4.0,14.0
1408,2022.0,2.0,MUS,14.04,1.0,31.0,4.0,31.0
1409,2022.0,2.0,MUS,17.06,1.0,30.0,4.0,30.0
1410,,2.0,MUS,30.02,1.0,14.0,4.0,
1411,2022.0,2.0,MUS,53.03,1.0,19.0,3.666666666666666,19.0
1412,2022.0,2.0,MUS,56.03,1.0,23.0,,23.0
1413,2022.0,2.0,MUS,,1.0,18.0,4.0,18.0
1414,2022.0,2.0,NAS,8.0,1.0,,4.0,30.0
1415,2022.0,2.0,NAS,15.0,1.0,15.0,3.6666666666666665,
1416,2022.0,2.0,NAS,16.0,1.0,,3.6666666666666665,16.0
1417,2022.0,2.0,NAS,18.0,1.0,17.0,4.0,
1418,2022.0,,NAS,35.0,1.0,44.0,,44.0
1419,2022.0,2.0,NAS,50.0,1.0,,3.6666666666666665,42.0
1420,2022.0,2.0,NAS,7.07,1.0,15.0,4.0,15.0
1421,2022.0,2.0,NAS,30.21,1.0,,3.6666666666666665,27.0
1422,2022.0,2.0,NAS,30.24,1.0,27.0,,27.0
1423,,2.0,NAS,30.25,1.0,15.0,4.0,15.0
1424,2022.0,2.0,NAS,81.04,1.0,14.0,4.0,14.0
1425,2022.0,2.0,PBPL,28.0,1.0,31.0,3.333333333333333,31.0
1426,,2.0,PBPL,40.0,1.0,28.0,3.333333333333333,
1427,2022.0,2.0,PBPL,41.0,1.0,20.0,4.0,20.0
1428,2022.0,2.0,PBPL,84.04,1.0,,3.6666666666666665,17.0
1429,2022.0,2.0,PHIL,6.0,1.0,,3.5,12.0
1430,2022.0,2.0,PHIL,8.0,1.0,33.0,3.6666666666666665,
1431,2022.0,2.0,PHIL,1.13,1.0,17.0,4.0,17.0
1432,,2.0,PHIL,12.0,1.0,12.0,4.0,12.0
1433,2022.0,2.0,PHIL,24.0,1.0,25.0,4.0,25.0
1434,2022.0,2.0,PHIL,30.0,1.0,13.0,4.0,13.0
1435,2022.0,2.0,PHIL,34.0,1.0,14.0,4.0,14.0
1436,,2.0,PHIL,9.02,1.0,27.0,3.6666666666666665,27.0
1437,2022.0,2.0,,19.04,1.0,11.0,4.0,11.0
1438,2022.0,,PHIL,31.09,1.0,11.0,4.0,11.0
1439,2022.0,2.0,PHIL,80.26,,11.0,4.0,11.0
1440,2022.0,2.0,PHYS,1.0,1.0,34.0,4.0,34.0
1441,2022.0,2.0,PHYS,2.0,1.0,115.0,4.0,
1442,2022.0,2.0,PHYS,,1.0,39.0,3.333333333333333,39.0
1443,2022.0,2.0,PHYS,14.0,2.0,140.0,3.0,70.0
1444,2022.0,2.0,PHYS,40.0,1.0,16.0,3.6666666666666665,16.0
1445,2022.0,2.0,PHYS,50.0,1.0,11.0,3.666666666666666,11.0
1446,2022.0,,PHYS,7.08,1.0,16.0,4.0,16.0
1447,2022.0,2.0,PHYS,76.0,1.0,16.0,4.0,
1448,2022.0,2.0,PSYC,1.0,1.0,65.0,3.6666666666666665,65.0
1449,2022.0,2.0,PSYC,10.0,1.0,46.0,3.333333333333333,46.0
1450,2022.0,2.0,,11.0,1.0,29.0,4.0,29.0
1451,2022.0,2.0,PSYC,22.0,1.0,69.0,4.0,69.0
1452,2022.0,2.0,,25.0,1.0,21.0,,21.0
1453,,2.0,PSYC,28.0,1.0,95.0,4.0,95.0
1454,2022.0,2.0,PSYC,36.0,,26.0,3.6666666666666665,26.0
1455,2022.0,2.0,PSYC,43.0,1.0,49.0,4.0,49.0
1456,2022.0,2.0,,7.02,1.0,16.0,,16.0
1457,2022.0,2.0,PSYC,51.09,1.0,28.0,3.6666666666666665,28.0
1458,2022.0,2.0,PSYC,52.06,1.0,10.0,3.8333333333333335,10.0
1459,2022.0,,PSYC,53.14,1.0,30.0,4.0,30.0
1460,2022.0,2.0,PSYC,,1.0,33.0,4.0,33.0
1461,2022.0,2.0,PSYC,54.05,,31.0,,31.0
1462,2022.0,2.0,PSYC,,1.0,16.0,4.0,16.0
1463,2022.0,2.0,PSYC,84.05,,14.0,4.0,
1464,2022.0,2.0,PSYC,86.05,1.0,13.0,4.0,13.0
1465,2022.0,2.0,QSS,17.0,2.0,48.0,3.333333333333333,24.0
1466,2022.0,2.0,,41.0,1.0,19.0,3.666666666666666,19.0
1467,2022.0,2.0,,82.0,1.0,11.0,4.0,11.0
1468,2022.0,2.0,QSS,30.03,1.0,14.0,3.6666666666666665,14.0
1469,,2.0,QSS,30.04,2.0,,4.0,53.0
1470,2022.0,,REL,5.0,1.0,58.0,3.6666666666666665,58.0
1471,2022.0,2.0,REL,1.09,1.0,57.0,3.6666666666666665,57.0
1472,,2.0,REL,37.0,1.0,11.0,4.0,11.0
1473,2022.0,2.0,REL,43.0,,26.0,3.6666666666666665,26.0
1474,2022.0,2.0,REL,19.22,,34.0,4.0,34.0
1475,2022.0,,,,,56.0,3.6666666666666665,56.0
1476,2022.0,2.0,REL,21.03,1.0,29.0,4.0,29.0
1477,2022.0,2.0,REL,28.04,1.0,13.0,3.6666666666666665,13.0
1478,2022.0,2.0,REL,28.06,1.0,10.0,4.0,10.0
1479,2022.0,2.0,REL,41.07,1.0,27.0,4.0,27.0
1480,2022.0,2.0,REL,57.07,,,3.666666666666666,11.0
1481,2022.0,,REL,80.1,1.0,12.0,3.6666666666666665,12.0
1482,2022.0,2.0,RUSS,3.0,1.0,13.0,4.0,13.0
1483,2022.0,2.0,RUSS,38.1,,31.0,3.333333333333333,31.0
1484,2022.0,2.0,RUSS,38.18,1.0,25.0,4.0,25.0
1485,2022.0,2.0,,38.19,1.0,12.0,,12.0
1486,2022.0,2.0,RUSS,50.03,1.0,21.0,3.6666666666666665,21.0
1487,2022.0,2.0,SART,15.0,3.0,43.0,,14.333333333333334
1488,2022.0,2.0,SART,16.0,,,4.0,10.0
1489,2022.0,2.0,SART,25.0,1.0,12.0,4.0,
1490,2022.0,,SART,29.0,1.0,,4.0,
1491,2022.0,2.0,SART,30.0,1.0,11.0,4.0,11.0
1492,2022.0,2.0,SART,,,11.0,4.0,11.0
1493,2022.0,2.0,SART,,1.0,11.0,4.0,11.0
1494,2022.0,,SART,17.2,,11.0,4.0,11.0
1495,2022.0,2.0,SOCY,1.0,1.0,,4.0,49.0
1496,2022.0,2.0,SOCY,10.0,1.0,32.0,3.333333333333333,32.0
1497,2022.0,2.0,SOCY,11.0,,26.0,4.0,26.0
1498,2022.0,2.0,SOCY,38.0,,29.0,4.0,29.0
1499,2022.0,2.0,SOCY,42.0,1.0,19.0,4.0,19.0
1500,2022.0,2.0,SOCY,48.0,1.0,21.0,3.333333333333333,21.0
1501,,,SOCY,69.0,,19.0,4.0,19.0
1502,,,SOCY,72.0,1.0,19.0,4.0,19.0
1503,2022.0,2.0,,91.0,1.0,17.0,,17.0
1504,2022.0,,SOCY,49.26,1.0,30.0,3.6666666666666665,30.0
1505,2022.0,2.0,SOCY,49.27,1.0,19.0,4.0,19.0
1506,2022.0,,SPAN,1.0,2.0,58.0,4.0,29.0
1507,2022.0,,SPAN,2.0,4.0,160.0,3.6666666666666665,40.0
1508,2022.0,2.0,,3.0,,721.0,3.6666666666666656,103.0
1509,2022.0,2.0,SPAN,9.0,2.0,54.0,,27.0
1510,2022.0,2.0,SPAN,20.0,2.0,38.0,4.0,19.0
1511,2022.0,2.0,SPAN,23.0,1.0,11.0,4.0,11.0
1512,2022.0,,SPAN,33.0,1.0,11.0,4.0,11.0
1513,2022.0,,SPAN,35.0,1.0,11.0,,11.0
1514,2022.0,,SPAN,7.08,1.0,,4.0,16.0
1515,2022.0,2.0,SPAN,40.07,,11.0,4.0,11.0
1516,2022.0,2.0,SPAN,55.04,1.0,,4.0,12.0
1517,2022.0,2.0,SPAN,73.04,1.0,14.0,4.0,14.0
1518,2022.0,2.0,SPAN,80.23,1.0,11.0,4.0,11.0
1519,2022.0,2.0,SPEE,,1.0,,4.0,15.0
1520,2022.0,,SPEE,20.01,1.0,13.0,4.0,13.0
1521,2022.0,2.0,SPEE,20.03,1.0,12.0,4.0,12.0
1522,2022.0,2.0,THEA,17.0,,16.0,4.0,16.0
1523,2022.0,2.0,THEA,27.0,1.0,14.0,4.0,14.0
1524,2022.0,2.0,,,2.0,29.0,3.586206896551724,
1525,2022.0,2.0,THEA,36.0,1.0,12.0,4.0,
1526,2022.0,2.0,THEA,40.0,1.0,15.0,4.0,15.0
1527,2022.0,2.0,THEA,48.0,1.0,14.0,4.0,14.0
1528,2022.0,2.0,THEA,7.01,2.0,32.0,4.0,16.0
1529,2022.0,2.0,,10.08,1.0,19.0,4.0,
1530,2022.0,2.0,TUCK,3.0,2.0,124.0,3.6666666666666665,62.0
1531,2022.0,2.0,WGSS,3.0,1.0,,,22.0
1532,2022.0,2.0,WGSS,16.0,1.0,11.0,4.0,11.0
1533,2022.0,2.0,WGSS,7.01,1.0,16.0,4.0,16.0
1534,2022.0,2.0,WGSS,7.2,1.0,15.0,4.0,15.0
1535,2022.0,2.0,WGSS,80.0,1.0,10.0,4.0,10.0
1536,2022.0,2.0,WGSS,23.02,1.0,14.0,3.6666666666666665,14.0
1537,2022.0,2.0,,33.03,1.0,34.0,4.0,34.0
1538,2022.0,,WGSS,37.04,1.0,18.0,,18.0
1539,2022.0,2.0,WGSS,42.05,1.0,28.0,4.0,28.0
1540,2022.0,2.0,WGSS,43.06,1.0,13.0,3.6666666666666665,13.0
1541,2022.0,2.0,WGSS,51.09,1.0,30.0,3.6666666666666665,
1542,2022.0,2.0,WGSS,53.07,1.0,,4.0,24.0
1543,2022.0,,WGSS,65.07,1.0,18.0,4.0,18.0
1544,2022.0,2.0,,66.07,1.0,10.0,4.0,10.0
1545,2022.0,2.0,WGSS,66.11,1.0,10.0,4.0,10.0
1546,2022.0,,WGSS,66.12,,15.0,4.0,15.0
1547,2022.0,2.0,WGSS,66.14,2.0,136.0,,68.0
1548,2022.0,2.0,WGSS,66.16,1.0,,4.0,19.0
1549,2022.0,2.0,WGSS,66.17,1.0,17.0,4.0,
1550,,2.0,WRIT,41.0,1.0,,,20.0
1551,2022.0,2.0,WRIT,,,16.0,,16.0
1552,,,WRIT,7.28,1.0,16.0,4.0,
1553,2022.0,2.0,WRIT,7.3,1.0,16.0,,16.0
1554,2022.0,,WRIT,7.32,1.0,16.0,3.6666666666666665,
1555,2022.0,2.0,WRIT,7.34,1.0,16.0,3.8333333333333335,16.0
1556,2022.0,2.0,WRIT,7.35,1.0,16.0,4.0,16.0
1557,,2.0,WRIT,7.36,1.0,16.0,3.6666666666666665,16.0
1558,2022.0,2.0,WRIT,7.37,2.0,30.0,4.0,15.0
1559,2022.0,2.0,WRIT,7.38,1.0,16.0,,16.0
